{"v":"4.10.1","fr":60,"ip":0,"op":120,"w":556,"h":568,"nm":"person","ddd":1,"assets":[],"layers":[{"ddd":0,"ind":1,"ty":4,"nm":"Shape Layer 1","sr":1,"ks":{"o":{"a":0,"k":100,"ix":11},"r":{"a":0,"k":0,"ix":10},"p":{"a":0,"k":[278,284,0],"ix":2},"a":{"a":0,"k":[0,0,0],"ix":1},"s":{"a":0,"k":[100,100,100],"ix":6}},"ao":0,"shapes":[{"ty":"gr","it":[{"ind":0,"ty":"sh","ix":1,"ks":{"a":0,"k":{"i":[[0,0],[0,-11.5],[0,0]],"o":[[0,0],[0,11.5],[0,0]],"v":[[143.5,10],[123,20.5],[144,31]],"c":true},"ix":2},"nm":"Path 1","mn":"ADBE Vector Shape - Group","hd":false},{"ty":"st","c":{"a":0,"k":[0,0,0,1],"ix":3},"o":{"a":0,"k":100,"ix":4},"w":{"a":0,"k":7,"ix":5},"lc":1,"lj":1,"ml":4,"nm":"Stroke 1","mn":"ADBE Vector Graphic - Stroke","hd":false},{"ty":"fl","c":{"a":0,"k":[0,0,0,1],"ix":4},"o":{"a":0,"k":100,"ix":5},"r":1,"nm":"Fill 1","mn":"ADBE Vector Graphic - Fill","hd":false},{"ty":"tr","p":{"a":0,"k":[126.793,39.607],"ix":2},"a":{"a":0,"k":[133.793,20.107],"ix":1},"s":{"a":0,"k":[141.791,116.238],"ix":3},"r":{"a":0,"k":0,"ix":6},"o":{"a":0,"k":100,"ix":7},"sk":{"a":0,"k":0,"ix":4},"sa":{"a":0,"k":0,"ix":5},"nm":"Transform"}],"nm":"Shape 1","np":3,"cix":2,"ix":1,"mn":"ADBE Vector Group","hd":false}],"ip":0,"op":120,"st":0,"bm":0},{"ddd":0,"ind":2,"ty":4,"nm":"C_front hand Outlines","hd":true,"sr":1,"ks":{"o":{"a":0,"k":100,"ix":11},"r":{"a":0,"k":0,"ix":10},"p":{"a":0,"k":[320.627,255.927,0],"ix":2},"a":{"a":0,"k":[0,0,0],"ix":1},"s":{"a":0,"k":[36.977,36.977,100],"ix":6}},"ao":0,"ef":[{"ty":5,"nm":"IK front elbow to hand Outlines","np":13,"mn":"PSEUDO/DUIK_Two_Layer_IK_v2","ix":1,"en":1,"ef":[{"ty":7,"nm":"Clockwise","mn":"PSEUDO/DUIK_Two_Layer_IK_v2-0001","ix":1,"v":{"a":0,"k":0,"ix":1}},{"ty":6,"nm":"FK","mn":"PSEUDO/DUIK_Two_Layer_IK_v2-0002","ix":2,"v":0},{"ty":7,"nm":"Disable IK","mn":"PSEUDO/DUIK_Two_Layer_IK_v2-0003","ix":3,"v":{"a":0,"k":0,"ix":3}},{"ty":0,"nm":"Upper FK","mn":"PSEUDO/DUIK_Two_Layer_IK_v2-0004","ix":4,"v":{"a":0,"k":0,"ix":4}},{"ty":0,"nm":"Lower FK","mn":"PSEUDO/DUIK_Two_Layer_IK_v2-0005","ix":5,"v":{"a":0,"k":0,"ix":5}},{"ty":6,"nm":"","mn":"PSEUDO/DUIK_Two_Layer_IK_v2-0006","ix":6,"v":0},{"ty":6,"nm":"Stretch","mn":"PSEUDO/DUIK_Two_Layer_IK_v2-0007","ix":7,"v":0},{"ty":7,"nm":"Auto-Stretch","mn":"PSEUDO/DUIK_Two_Layer_IK_v2-0008","ix":8,"v":{"a":0,"k":0,"ix":8}},{"ty":0,"nm":"Stretch","mn":"PSEUDO/DUIK_Two_Layer_IK_v2-0009","ix":9,"v":{"a":0,"k":0,"ix":9}},{"ty":0,"nm":"Auto-Shrink","mn":"PSEUDO/DUIK_Two_Layer_IK_v2-0010","ix":10,"v":{"a":0,"k":0,"ix":10}},{"ty":6,"nm":"","mn":"PSEUDO/DUIK_Two_Layer_IK_v2-0011","ix":11,"v":0}]},{"ty":5,"nm":"Goal front hand Outlines","np":3,"mn":"ADBE Checkbox Control","ix":2,"en":1,"ef":[{"ty":7,"nm":"Checkbox","mn":"ADBE Checkbox Control-0001","ix":1,"v":{"a":0,"k":1,"ix":1}}]}],"shapes":[{"ty":"gr","it":[{"ty":"gr","it":[{"d":1,"ty":"el","s":{"a":0,"k":[30,30],"ix":2},"p":{"a":0,"k":[0,0],"ix":3},"nm":"Ellipse Path 1","mn":"ADBE Vector Shape - Ellipse","hd":false},{"ty":"tm","s":{"a":0,"k":0,"ix":1},"e":{"a":0,"k":85,"ix":2},"o":{"a":0,"k":0,"ix":3},"m":1,"ix":2,"nm":"Trim Paths 1","mn":"ADBE Vector Filter - Trim","hd":false},{"ind":2,"ty":"sh","ix":3,"ks":{"a":0,"k":{"i":[[0,0],[0,0]],"o":[[0,0],[0,0]],"v":[[0,-15],[10,-20]],"c":false},"ix":2,"x":"var $bm_rt;\n$bm_rt = value;"},"nm":"Path 1","mn":"ADBE Vector Shape - Group","hd":false},{"ty":"st","c":{"a":0,"k":[1,1,1,1],"ix":3},"o":{"a":0,"k":100,"ix":4},"w":{"a":0,"k":2,"ix":5},"lc":1,"lj":1,"ml":4,"nm":"Stroke 1","mn":"ADBE Vector Graphic - Stroke","hd":false},{"ty":"tr","p":{"a":0,"k":[0,0],"ix":2},"a":{"a":0,"k":[0,0],"ix":1},"s":{"a":0,"k":[100,100],"ix":3},"r":{"a":0,"k":-20,"ix":6},"o":{"a":0,"k":100,"ix":7},"sk":{"a":0,"k":0,"ix":4},"sa":{"a":0,"k":0,"ix":5},"nm":"Transform"}],"nm":"Rotation","np":4,"cix":2,"ix":1,"mn":"ADBE Vector Group","hd":false},{"ty":"gr","it":[{"ind":0,"ty":"sh","ix":1,"ks":{"a":0,"k":{"i":[[0,0],[0,0]],"o":[[0,0],[0,0]],"v":[[15,0],[-15,0]],"c":false},"ix":2,"x":"var $bm_rt;\n$bm_rt = value;"},"nm":"Path 1","mn":"ADBE Vector Shape - Group","hd":false},{"ind":1,"ty":"sh","ix":2,"ks":{"a":0,"k":{"i":[[0,0],[0,0],[0,0]],"o":[[0,0],[0,0],[0,0]],"v":[[10,-7],[15,0],[10,7]],"c":false},"ix":2,"x":"var $bm_rt;\n$bm_rt = value;"},"nm":"Path 2","mn":"ADBE Vector Shape - Group","hd":false},{"ind":2,"ty":"sh","ix":3,"ks":{"a":0,"k":{"i":[[0,0],[0,0],[0,0]],"o":[[0,0],[0,0],[0,0]],"v":[[-10,7],[-15,0],[-10,-7]],"c":false},"ix":2,"x":"var $bm_rt;\n$bm_rt = value;"},"nm":"Path 3","mn":"ADBE Vector Shape - Group","hd":false},{"ty":"st","c":{"a":0,"k":[1,1,1,1],"ix":3},"o":{"a":0,"k":100,"ix":4},"w":{"a":0,"k":2,"ix":5},"lc":1,"lj":1,"ml":4,"nm":"Stroke 1","mn":"ADBE Vector Graphic - Stroke","hd":false},{"ty":"tr","p":{"a":0,"k":[0,0],"ix":2},"a":{"a":0,"k":[0,0],"ix":1},"s":{"a":0,"k":[70,70],"ix":3},"r":{"a":0,"k":0,"ix":6},"o":{"a":0,"k":100,"ix":7},"sk":{"a":0,"k":0,"ix":4},"sa":{"a":0,"k":0,"ix":5},"nm":"Transform"}],"nm":"xPosition","np":4,"cix":2,"ix":2,"mn":"ADBE Vector Group","hd":false},{"ty":"gr","it":[{"ind":0,"ty":"sh","ix":1,"ks":{"a":0,"k":{"i":[[0,0],[0,0]],"o":[[0,0],[0,0]],"v":[[0,-15],[0,15]],"c":false},"ix":2,"x":"var $bm_rt;\n$bm_rt = value;"},"nm":"Path 1","mn":"ADBE Vector Shape - Group","hd":false},{"ind":1,"ty":"sh","ix":2,"ks":{"a":0,"k":{"i":[[0,0],[0,0],[0,0]],"o":[[0,0],[0,0],[0,0]],"v":[[-7,10],[0,15],[7,10]],"c":false},"ix":2,"x":"var $bm_rt;\n$bm_rt = value;"},"nm":"Path 2","mn":"ADBE Vector Shape - Group","hd":false},{"ind":2,"ty":"sh","ix":3,"ks":{"a":0,"k":{"i":[[0,0],[0,0],[0,0]],"o":[[0,0],[0,0],[0,0]],"v":[[-7,-10],[0,-15],[7,-10]],"c":false},"ix":2,"x":"var $bm_rt;\n$bm_rt = value;"},"nm":"Path 3","mn":"ADBE Vector Shape - Group","hd":false},{"ty":"st","c":{"a":0,"k":[1,1,1,1],"ix":3},"o":{"a":0,"k":100,"ix":4},"w":{"a":0,"k":2,"ix":5},"lc":1,"lj":1,"ml":4,"nm":"Stroke 1","mn":"ADBE Vector Graphic - Stroke","hd":false},{"ty":"tr","p":{"a":0,"k":[0,0],"ix":2},"a":{"a":0,"k":[0,0],"ix":1},"s":{"a":0,"k":[70,70],"ix":3},"r":{"a":0,"k":0,"ix":6},"o":{"a":0,"k":100,"ix":7},"sk":{"a":0,"k":0,"ix":4},"sa":{"a":0,"k":0,"ix":5},"nm":"Transform"}],"nm":"yPosition","np":4,"cix":2,"ix":3,"mn":"ADBE Vector Group","hd":false},{"ty":"tr","p":{"a":0,"k":[0,0],"ix":2},"a":{"a":0,"k":[0,0],"ix":1},"s":{"a":0,"k":[250,250],"ix":3},"r":{"a":0,"k":0,"ix":6},"o":{"a":0,"k":100,"ix":7},"sk":{"a":0,"k":0,"ix":4},"sa":{"a":0,"k":0,"ix":5},"nm":"Transform"}],"nm":"Icon","np":3,"cix":2,"ix":1,"mn":"ADBE Vector Group","hd":false}],"ip":0,"op":120,"st":0,"bm":0},{"ddd":0,"ind":3,"ty":4,"nm":"C_back shoe Outlines","hd":true,"sr":1,"ks":{"o":{"a":0,"k":100,"ix":11},"r":{"a":0,"k":0,"ix":10},"p":{"a":1,"k":[{"i":{"x":0.833,"y":0.833},"o":{"x":0.167,"y":0.167},"n":"0p833_0p833_0p167_0p167","t":0,"s":[247.571,404.917,0],"e":[291.571,428.917,0],"to":[7.33333349227905,4,0],"ti":[-7.83333349227905,-13,0]},{"i":{"x":0.833,"y":0.833},"o":{"x":0.167,"y":0.167},"n":"0p833_0p833_0p167_0p167","t":20,"s":[291.571,428.917,0],"e":[294.571,482.917,0],"to":[7.83333349227905,13,0],"ti":[6.66666650772095,-13.6666669845581,0]},{"i":{"x":0.833,"y":0.833},"o":{"x":0.167,"y":0.167},"n":"0p833_0p833_0p167_0p167","t":40,"s":[294.571,482.917,0],"e":[251.571,510.917,0],"to":[-6.66666650772095,13.6666669845581,0],"ti":[15.1666669845581,0.16666667163372,0]},{"i":{"x":0.833,"y":0.833},"o":{"x":0.167,"y":0.167},"n":"0p833_0p833_0p167_0p167","t":60,"s":[251.571,510.917,0],"e":[203.571,481.917,0],"to":[-15.1666669845581,-0.16666667163372,0],"ti":[8,13.6666669845581,0]},{"i":{"x":0.833,"y":0.833},"o":{"x":0.167,"y":0.167},"n":"0p833_0p833_0p167_0p167","t":80,"s":[203.571,481.917,0],"e":[203.571,428.917,0],"to":[-8,-13.6666669845581,0],"ti":[-7,12.3333330154419,0]},{"i":{"x":0.833,"y":0.833},"o":{"x":0.167,"y":0.167},"n":"0p833_0p833_0p167_0p167","t":100,"s":[203.571,428.917,0],"e":[245.571,407.917,0],"to":[7,-12.3333330154419,0],"ti":[-7,3.5,0]},{"t":119}],"ix":2},"a":{"a":0,"k":[0,0,0],"ix":1},"s":{"a":0,"k":[42.379,42.379,100],"ix":6}},"ao":0,"ef":[{"ty":5,"nm":"IK back knee to leg Outlines","np":13,"mn":"PSEUDO/DUIK_Two_Layer_IK_v2","ix":1,"en":1,"ef":[{"ty":7,"nm":"Clockwise","mn":"PSEUDO/DUIK_Two_Layer_IK_v2-0001","ix":1,"v":{"a":0,"k":1,"ix":1}},{"ty":6,"nm":"FK","mn":"PSEUDO/DUIK_Two_Layer_IK_v2-0002","ix":2,"v":0},{"ty":7,"nm":"Disable IK","mn":"PSEUDO/DUIK_Two_Layer_IK_v2-0003","ix":3,"v":{"a":0,"k":0,"ix":3}},{"ty":0,"nm":"Upper FK","mn":"PSEUDO/DUIK_Two_Layer_IK_v2-0004","ix":4,"v":{"a":0,"k":0,"ix":4}},{"ty":0,"nm":"Lower FK","mn":"PSEUDO/DUIK_Two_Layer_IK_v2-0005","ix":5,"v":{"a":0,"k":0,"ix":5}},{"ty":6,"nm":"","mn":"PSEUDO/DUIK_Two_Layer_IK_v2-0006","ix":6,"v":0},{"ty":6,"nm":"Stretch","mn":"PSEUDO/DUIK_Two_Layer_IK_v2-0007","ix":7,"v":0},{"ty":7,"nm":"Auto-Stretch","mn":"PSEUDO/DUIK_Two_Layer_IK_v2-0008","ix":8,"v":{"a":0,"k":0,"ix":8}},{"ty":0,"nm":"Stretch","mn":"PSEUDO/DUIK_Two_Layer_IK_v2-0009","ix":9,"v":{"a":0,"k":0,"ix":9}},{"ty":0,"nm":"Auto-Shrink","mn":"PSEUDO/DUIK_Two_Layer_IK_v2-0010","ix":10,"v":{"a":0,"k":0,"ix":10}},{"ty":6,"nm":"","mn":"PSEUDO/DUIK_Two_Layer_IK_v2-0011","ix":11,"v":0}]},{"ty":5,"nm":"Goal back shoe Outlines","np":3,"mn":"ADBE Checkbox Control","ix":2,"en":1,"ef":[{"ty":7,"nm":"Checkbox","mn":"ADBE Checkbox Control-0001","ix":1,"v":{"a":0,"k":1,"ix":1}}]}],"shapes":[{"ty":"gr","it":[{"ty":"gr","it":[{"d":1,"ty":"el","s":{"a":0,"k":[30,30],"ix":2},"p":{"a":0,"k":[0,0],"ix":3},"nm":"Ellipse Path 1","mn":"ADBE Vector Shape - Ellipse","hd":false},{"ty":"tm","s":{"a":0,"k":0,"ix":1},"e":{"a":0,"k":85,"ix":2},"o":{"a":0,"k":0,"ix":3},"m":1,"ix":2,"nm":"Trim Paths 1","mn":"ADBE Vector Filter - Trim","hd":false},{"ind":2,"ty":"sh","ix":3,"ks":{"a":0,"k":{"i":[[0,0],[0,0]],"o":[[0,0],[0,0]],"v":[[0,-15],[10,-20]],"c":false},"ix":2,"x":"var $bm_rt;\n$bm_rt = value;"},"nm":"Path 1","mn":"ADBE Vector Shape - Group","hd":false},{"ty":"st","c":{"a":0,"k":[1,1,1,1],"ix":3},"o":{"a":0,"k":100,"ix":4},"w":{"a":0,"k":2,"ix":5},"lc":1,"lj":1,"ml":4,"nm":"Stroke 1","mn":"ADBE Vector Graphic - Stroke","hd":false},{"ty":"tr","p":{"a":0,"k":[0,0],"ix":2},"a":{"a":0,"k":[0,0],"ix":1},"s":{"a":0,"k":[100,100],"ix":3},"r":{"a":0,"k":-20,"ix":6},"o":{"a":0,"k":100,"ix":7},"sk":{"a":0,"k":0,"ix":4},"sa":{"a":0,"k":0,"ix":5},"nm":"Transform"}],"nm":"Rotation","np":4,"cix":2,"ix":1,"mn":"ADBE Vector Group","hd":false},{"ty":"gr","it":[{"ind":0,"ty":"sh","ix":1,"ks":{"a":0,"k":{"i":[[0,0],[0,0]],"o":[[0,0],[0,0]],"v":[[15,0],[-15,0]],"c":false},"ix":2,"x":"var $bm_rt;\n$bm_rt = value;"},"nm":"Path 1","mn":"ADBE Vector Shape - Group","hd":false},{"ind":1,"ty":"sh","ix":2,"ks":{"a":0,"k":{"i":[[0,0],[0,0],[0,0]],"o":[[0,0],[0,0],[0,0]],"v":[[10,-7],[15,0],[10,7]],"c":false},"ix":2,"x":"var $bm_rt;\n$bm_rt = value;"},"nm":"Path 2","mn":"ADBE Vector Shape - Group","hd":false},{"ind":2,"ty":"sh","ix":3,"ks":{"a":0,"k":{"i":[[0,0],[0,0],[0,0]],"o":[[0,0],[0,0],[0,0]],"v":[[-10,7],[-15,0],[-10,-7]],"c":false},"ix":2,"x":"var $bm_rt;\n$bm_rt = value;"},"nm":"Path 3","mn":"ADBE Vector Shape - Group","hd":false},{"ty":"st","c":{"a":0,"k":[1,1,1,1],"ix":3},"o":{"a":0,"k":100,"ix":4},"w":{"a":0,"k":2,"ix":5},"lc":1,"lj":1,"ml":4,"nm":"Stroke 1","mn":"ADBE Vector Graphic - Stroke","hd":false},{"ty":"tr","p":{"a":0,"k":[0,0],"ix":2},"a":{"a":0,"k":[0,0],"ix":1},"s":{"a":0,"k":[70,70],"ix":3},"r":{"a":0,"k":0,"ix":6},"o":{"a":0,"k":100,"ix":7},"sk":{"a":0,"k":0,"ix":4},"sa":{"a":0,"k":0,"ix":5},"nm":"Transform"}],"nm":"xPosition","np":4,"cix":2,"ix":2,"mn":"ADBE Vector Group","hd":false},{"ty":"gr","it":[{"ind":0,"ty":"sh","ix":1,"ks":{"a":0,"k":{"i":[[0,0],[0,0]],"o":[[0,0],[0,0]],"v":[[0,-15],[0,15]],"c":false},"ix":2,"x":"var $bm_rt;\n$bm_rt = value;"},"nm":"Path 1","mn":"ADBE Vector Shape - Group","hd":false},{"ind":1,"ty":"sh","ix":2,"ks":{"a":0,"k":{"i":[[0,0],[0,0],[0,0]],"o":[[0,0],[0,0],[0,0]],"v":[[-7,10],[0,15],[7,10]],"c":false},"ix":2,"x":"var $bm_rt;\n$bm_rt = value;"},"nm":"Path 2","mn":"ADBE Vector Shape - Group","hd":false},{"ind":2,"ty":"sh","ix":3,"ks":{"a":0,"k":{"i":[[0,0],[0,0],[0,0]],"o":[[0,0],[0,0],[0,0]],"v":[[-7,-10],[0,-15],[7,-10]],"c":false},"ix":2,"x":"var $bm_rt;\n$bm_rt = value;"},"nm":"Path 3","mn":"ADBE Vector Shape - Group","hd":false},{"ty":"st","c":{"a":0,"k":[1,1,1,1],"ix":3},"o":{"a":0,"k":100,"ix":4},"w":{"a":0,"k":2,"ix":5},"lc":1,"lj":1,"ml":4,"nm":"Stroke 1","mn":"ADBE Vector Graphic - Stroke","hd":false},{"ty":"tr","p":{"a":0,"k":[0,0],"ix":2},"a":{"a":0,"k":[0,0],"ix":1},"s":{"a":0,"k":[70,70],"ix":3},"r":{"a":0,"k":0,"ix":6},"o":{"a":0,"k":100,"ix":7},"sk":{"a":0,"k":0,"ix":4},"sa":{"a":0,"k":0,"ix":5},"nm":"Transform"}],"nm":"yPosition","np":4,"cix":2,"ix":3,"mn":"ADBE Vector Group","hd":false},{"ty":"tr","p":{"a":0,"k":[0,0],"ix":2},"a":{"a":0,"k":[0,0],"ix":1},"s":{"a":0,"k":[250,250],"ix":3},"r":{"a":0,"k":0,"ix":6},"o":{"a":0,"k":100,"ix":7},"sk":{"a":0,"k":0,"ix":4},"sa":{"a":0,"k":0,"ix":5},"nm":"Transform"}],"nm":"Icon","np":3,"cix":2,"ix":1,"mn":"ADBE Vector Group","hd":false}],"ip":0,"op":120,"st":0,"bm":0},{"ddd":0,"ind":4,"ty":4,"nm":"C_front shoe Outlines","hd":true,"sr":1,"ks":{"o":{"a":0,"k":100,"ix":11},"r":{"a":0,"k":0,"ix":10},"p":{"a":1,"k":[{"i":{"x":0.833,"y":0.833},"o":{"x":0.167,"y":0.167},"n":"0p833_0p833_0p167_0p167","t":0,"s":[247.903,503.169,0],"e":[206.903,480.169,0],"to":[-6.83333349227905,-3.83333325386047,0],"ti":[8.33333301544189,12.8333330154419,0]},{"i":{"x":0.833,"y":0.833},"o":{"x":0.167,"y":0.167},"n":"0p833_0p833_0p167_0p167","t":20,"s":[206.903,480.169,0],"e":[197.903,426.169,0],"to":[-8.33333301544189,-12.8333330154419,0],"ti":[-7,13,0]},{"i":{"x":0.833,"y":0.833},"o":{"x":0.167,"y":0.167},"n":"0p833_0p833_0p167_0p167","t":40,"s":[197.903,426.169,0],"e":[248.903,402.169,0],"to":[7,-13,0],"ti":[-15.5,-0.5,0]},{"i":{"x":0.833,"y":0.833},"o":{"x":0.167,"y":0.167},"n":"0p833_0p833_0p167_0p167","t":60,"s":[248.903,402.169,0],"e":[290.903,429.169,0],"to":[15.5,0.5,0],"ti":[-6.83333349227905,-13.3333330154419,0]},{"i":{"x":0.833,"y":0.833},"o":{"x":0.167,"y":0.167},"n":"0p833_0p833_0p167_0p167","t":80,"s":[290.903,429.169,0],"e":[289.903,482.169,0],"to":[6.83333349227905,13.3333330154419,0],"ti":[6.83333349227905,-12.3333330154419,0]},{"i":{"x":0.833,"y":0.833},"o":{"x":0.167,"y":0.167},"n":"0p833_0p833_0p167_0p167","t":100,"s":[289.903,482.169,0],"e":[249.903,503.169,0],"to":[-6.83333349227905,12.3333330154419,0],"ti":[6.66666650772095,-3.5,0]},{"t":119}],"ix":2},"a":{"a":0,"k":[0,0,0],"ix":1},"s":{"a":0,"k":[39.664,39.664,100],"ix":6}},"ao":0,"ef":[{"ty":5,"nm":"IK front knee to leg Outlines","np":13,"mn":"PSEUDO/DUIK_Two_Layer_IK_v2","ix":1,"en":1,"ef":[{"ty":7,"nm":"Clockwise","mn":"PSEUDO/DUIK_Two_Layer_IK_v2-0001","ix":1,"v":{"a":0,"k":1,"ix":1}},{"ty":6,"nm":"FK","mn":"PSEUDO/DUIK_Two_Layer_IK_v2-0002","ix":2,"v":0},{"ty":7,"nm":"Disable IK","mn":"PSEUDO/DUIK_Two_Layer_IK_v2-0003","ix":3,"v":{"a":0,"k":0,"ix":3}},{"ty":0,"nm":"Upper FK","mn":"PSEUDO/DUIK_Two_Layer_IK_v2-0004","ix":4,"v":{"a":0,"k":0,"ix":4}},{"ty":0,"nm":"Lower FK","mn":"PSEUDO/DUIK_Two_Layer_IK_v2-0005","ix":5,"v":{"a":0,"k":0,"ix":5}},{"ty":6,"nm":"","mn":"PSEUDO/DUIK_Two_Layer_IK_v2-0006","ix":6,"v":0},{"ty":6,"nm":"Stretch","mn":"PSEUDO/DUIK_Two_Layer_IK_v2-0007","ix":7,"v":0},{"ty":7,"nm":"Auto-Stretch","mn":"PSEUDO/DUIK_Two_Layer_IK_v2-0008","ix":8,"v":{"a":0,"k":0,"ix":8}},{"ty":0,"nm":"Stretch","mn":"PSEUDO/DUIK_Two_Layer_IK_v2-0009","ix":9,"v":{"a":0,"k":0,"ix":9}},{"ty":0,"nm":"Auto-Shrink","mn":"PSEUDO/DUIK_Two_Layer_IK_v2-0010","ix":10,"v":{"a":0,"k":0,"ix":10}},{"ty":6,"nm":"","mn":"PSEUDO/DUIK_Two_Layer_IK_v2-0011","ix":11,"v":0}]},{"ty":5,"nm":"Goal front shoe Outlines","np":3,"mn":"ADBE Checkbox Control","ix":2,"en":1,"ef":[{"ty":7,"nm":"Checkbox","mn":"ADBE Checkbox Control-0001","ix":1,"v":{"a":0,"k":1,"ix":1}}]}],"shapes":[{"ty":"gr","it":[{"ty":"gr","it":[{"d":1,"ty":"el","s":{"a":0,"k":[30,30],"ix":2},"p":{"a":0,"k":[0,0],"ix":3},"nm":"Ellipse Path 1","mn":"ADBE Vector Shape - Ellipse","hd":false},{"ty":"tm","s":{"a":0,"k":0,"ix":1},"e":{"a":0,"k":85,"ix":2},"o":{"a":0,"k":0,"ix":3},"m":1,"ix":2,"nm":"Trim Paths 1","mn":"ADBE Vector Filter - Trim","hd":false},{"ind":2,"ty":"sh","ix":3,"ks":{"a":0,"k":{"i":[[0,0],[0,0]],"o":[[0,0],[0,0]],"v":[[0,-15],[10,-20]],"c":false},"ix":2,"x":"var $bm_rt;\n$bm_rt = value;"},"nm":"Path 1","mn":"ADBE Vector Shape - Group","hd":false},{"ty":"st","c":{"a":0,"k":[1,1,1,1],"ix":3},"o":{"a":0,"k":100,"ix":4},"w":{"a":0,"k":2,"ix":5},"lc":1,"lj":1,"ml":4,"nm":"Stroke 1","mn":"ADBE Vector Graphic - Stroke","hd":false},{"ty":"tr","p":{"a":0,"k":[0,0],"ix":2},"a":{"a":0,"k":[0,0],"ix":1},"s":{"a":0,"k":[100,100],"ix":3},"r":{"a":0,"k":-20,"ix":6},"o":{"a":0,"k":100,"ix":7},"sk":{"a":0,"k":0,"ix":4},"sa":{"a":0,"k":0,"ix":5},"nm":"Transform"}],"nm":"Rotation","np":4,"cix":2,"ix":1,"mn":"ADBE Vector Group","hd":false},{"ty":"gr","it":[{"ind":0,"ty":"sh","ix":1,"ks":{"a":0,"k":{"i":[[0,0],[0,0]],"o":[[0,0],[0,0]],"v":[[15,0],[-15,0]],"c":false},"ix":2,"x":"var $bm_rt;\n$bm_rt = value;"},"nm":"Path 1","mn":"ADBE Vector Shape - Group","hd":false},{"ind":1,"ty":"sh","ix":2,"ks":{"a":0,"k":{"i":[[0,0],[0,0],[0,0]],"o":[[0,0],[0,0],[0,0]],"v":[[10,-7],[15,0],[10,7]],"c":false},"ix":2},"nm":"Path 2","mn":"ADBE Vector Shape - Group","hd":false},{"ind":2,"ty":"sh","ix":3,"ks":{"a":0,"k":{"i":[[0,0],[0,0],[0,0]],"o":[[0,0],[0,0],[0,0]],"v":[[-10,7],[-15,0],[-10,-7]],"c":false},"ix":2,"x":"var $bm_rt;\n$bm_rt = value;"},"nm":"Path 3","mn":"ADBE Vector Shape - Group","hd":false},{"ty":"st","c":{"a":0,"k":[1,1,1,1],"ix":3},"o":{"a":0,"k":100,"ix":4},"w":{"a":0,"k":2,"ix":5},"lc":1,"lj":1,"ml":4,"nm":"Stroke 1","mn":"ADBE Vector Graphic - Stroke","hd":false},{"ty":"tr","p":{"a":0,"k":[0,0],"ix":2},"a":{"a":0,"k":[0,0],"ix":1},"s":{"a":0,"k":[70,70],"ix":3},"r":{"a":0,"k":0,"ix":6},"o":{"a":0,"k":100,"ix":7},"sk":{"a":0,"k":0,"ix":4},"sa":{"a":0,"k":0,"ix":5},"nm":"Transform"}],"nm":"xPosition","np":4,"cix":2,"ix":2,"mn":"ADBE Vector Group","hd":false},{"ty":"gr","it":[{"ind":0,"ty":"sh","ix":1,"ks":{"a":0,"k":{"i":[[0,0],[0,0]],"o":[[0,0],[0,0]],"v":[[0,-15],[0,15]],"c":false},"ix":2,"x":"var $bm_rt;\n$bm_rt = value;"},"nm":"Path 1","mn":"ADBE Vector Shape - Group","hd":false},{"ind":1,"ty":"sh","ix":2,"ks":{"a":0,"k":{"i":[[0,0],[0,0],[0,0]],"o":[[0,0],[0,0],[0,0]],"v":[[-7,10],[0,15],[7,10]],"c":false},"ix":2,"x":"var $bm_rt;\n$bm_rt = value;"},"nm":"Path 2","mn":"ADBE Vector Shape - Group","hd":false},{"ind":2,"ty":"sh","ix":3,"ks":{"a":0,"k":{"i":[[0,0],[0,0],[0,0]],"o":[[0,0],[0,0],[0,0]],"v":[[-7,-10],[0,-15],[7,-10]],"c":false},"ix":2,"x":"var $bm_rt;\n$bm_rt = value;"},"nm":"Path 3","mn":"ADBE Vector Shape - Group","hd":false},{"ty":"st","c":{"a":0,"k":[1,1,1,1],"ix":3},"o":{"a":0,"k":100,"ix":4},"w":{"a":0,"k":2,"ix":5},"lc":1,"lj":1,"ml":4,"nm":"Stroke 1","mn":"ADBE Vector Graphic - Stroke","hd":false},{"ty":"tr","p":{"a":0,"k":[0,0],"ix":2},"a":{"a":0,"k":[0,0],"ix":1},"s":{"a":0,"k":[70,70],"ix":3},"r":{"a":0,"k":0,"ix":6},"o":{"a":0,"k":100,"ix":7},"sk":{"a":0,"k":0,"ix":4},"sa":{"a":0,"k":0,"ix":5},"nm":"Transform"}],"nm":"yPosition","np":4,"cix":2,"ix":3,"mn":"ADBE Vector Group","hd":false},{"ty":"tr","p":{"a":0,"k":[0,0],"ix":2},"a":{"a":0,"k":[0,0],"ix":1},"s":{"a":0,"k":[250,250],"ix":3},"r":{"a":0,"k":0,"ix":6},"o":{"a":0,"k":100,"ix":7},"sk":{"a":0,"k":0,"ix":4},"sa":{"a":0,"k":0,"ix":5},"nm":"Transform"}],"nm":"Icon","np":3,"cix":2,"ix":1,"mn":"ADBE Vector Group","hd":false}],"ip":0,"op":120,"st":0,"bm":0},{"ddd":0,"ind":5,"ty":4,"nm":"front hand Outlines","parent":6,"sr":1,"ks":{"o":{"a":0,"k":100,"ix":11},"r":{"a":0,"k":0,"ix":10,"x":"var $bm_rt;\nvar C = thisComp.layer('C_front hand Outlines');\nvar goal = C.effect('Goal front hand Outlines')(1);\nvar result = sum(value, C.rotation);\nif (goal == 1) {\n    var layer = thisLayer;\n    while (layer.hasParent) {\n        layer = layer.parent;\n        result = sub(result, layer.rotation);\n    }\n}\n$bm_rt = result;"},"p":{"a":0,"k":[105.035,59.802,0],"ix":2,"x":"var $bm_rt;\n$bm_rt = thisComp.layer('IK_zero t elbow to hand Outlines').position;"},"a":{"a":0,"k":[29.529,13.612,0],"ix":1},"s":{"a":0,"k":[100,100,100],"ix":6}},"ao":0,"shapes":[{"ty":"gr","it":[{"ind":0,"ty":"sh","ix":1,"ks":{"a":0,"k":{"i":[[9.013,5.07],[0,0],[-17.449,-4.506],[0,0]],"o":[[0,0],[0,0],[17.45,4.506],[0,0]],"v":[[20.266,-4.1],[-4.519,-13.362],[-11.83,8.857],[28.152,8.857]],"c":true},"ix":2},"nm":"Path 1","mn":"ADBE Vector Shape - Group","hd":false},{"ty":"tr","p":{"a":0,"k":[29.529,13.613],"ix":2},"a":{"a":0,"k":[0,0],"ix":1},"s":{"a":0,"k":[100,100],"ix":3},"r":{"a":0,"k":0,"ix":6},"o":{"a":0,"k":100,"ix":7},"sk":{"a":0,"k":0,"ix":4},"sa":{"a":0,"k":0,"ix":5},"nm":"Transform"}],"nm":"Group 1","np":1,"cix":2,"ix":1,"mn":"ADBE Vector Group","hd":false},{"ty":"fl","c":{"a":0,"k":[0.96862745098,0.878431372549,0.435294117647,1],"ix":4},"o":{"a":0,"k":100,"ix":5},"r":1,"nm":"Fill 1","mn":"ADBE Vector Graphic - Fill","hd":false}],"ip":0,"op":120,"st":0,"bm":0},{"ddd":0,"ind":6,"ty":4,"nm":"front elbow to hand Outlines","parent":8,"sr":1,"ks":{"o":{"a":0,"k":100,"ix":11},"r":{"a":0,"k":0,"ix":10,"x":"var $bm_rt;\nvar layer1, layer2, controller, zeroName, zero, ctrlEffect, FK, IKFK, cw;\nlayer1 = thisComp.layer('front shoulder to elbow Outlines');\nlayer2 = thisComp.layer('front elbow to hand Outlines');\ncontroller = thisComp.layer('C_front hand Outlines');\nzeroName = 'IK_zero t elbow to hand Outlines';\nzero = thisComp.layer(zeroName);\nctrlEffect = controller.effect('IK front elbow to hand Outlines');\nFK = ctrlEffect(5);\nIKFK = ctrlEffect(3) == 0;\ncw = ctrlEffect(1) == 1;\nfunction getWorldPos(L) {\n    return L.toWorld(L.anchorPoint);\n}\nfunction ik() {\n    var A, B, C, E, a, b, c, x, alpha, y, gamma, result, V1, adj1, V2, adj2, IK;\n    A = getWorldPos(layer1);\n    B = getWorldPos(layer2);\n    C = getWorldPos(zero);\n    E = getWorldPos(controller);\n    a = length(B, C);\n    b = length(E, A);\n    c = length(A, B);\n    x = div(sub(sum(mul(b, b), mul(c, c)), mul(a, a)), mul(2, b));\n    alpha = Math.acos(clamp(div(x, c), -1, 1));\n    y = sub(b, x);\n    gamma = Math.acos(clamp(div(y, a), -1, 1));\n    result = mul(cw ? 1 : -1, radiansToDegrees(sum(gamma, alpha)));\n    V1 = sub(B, A);\n    adj1 = radiansToDegrees(Math.atan2(V1[1], V1[0]));\n    V2 = sub(C, B);\n    adj2 = radiansToDegrees(Math.atan2(V2[1], V2[0]));\n    IK = sum(sub(sum(result, adj1), adj2), value);\n    return IK;\n}\n$bm_rt = IKFK ? ik() : FK;"},"p":{"a":0,"k":[28.347,91.5,0],"ix":2,"x":"var $bm_rt;\nvar layer1, controller, ctrlEffect, stretch, auto, IK, shrinkVal, dist1, dist2, IKLength, IKStretched, boneStretch, proportion, posC, posR, distC, shrinkMax, shrink, shrink, boneStretch, boneStretch, boneStretch, coef;\nlayer1 = thisComp.layer('front shoulder to elbow Outlines');\ncontroller = thisComp.layer('C_front hand Outlines');\nctrlEffect = controller.effect('IK front elbow to hand Outlines');\nstretch = ctrlEffect(9);\nauto = ctrlEffect(8) == 1;\nIK = ctrlEffect(3) == 0;\nshrinkVal = div(ctrlEffect(10), 100);\nfunction getWorldPos(L) {\n    return L.toWorld(L.anchorPoint);\n}\ndist1 = length([\n    86.2565002441406,\n    24.9244918823242,\n    0\n], [\n    28.3465881347656,\n    91.5001907348633,\n    0\n]);\ndist2 = length([\n    24.5914993286133,\n    14.3289947509766,\n    0\n], [\n    105.035179138184,\n    59.8018951416016,\n    0\n]);\nIKLength = sum(dist1, dist2);\nIKStretched = sum(IKLength, stretch);\nboneStretch = 0;\nproportion = div(dist1, IKLength);\nposC = getWorldPos(controller);\nposR = getWorldPos(layer1);\ndistC = length(posC, posR);\nshrinkMax = mul(IKLength, shrinkVal);\nshrink = 0;\nif (distC < IKStretched && IK)\n    shrink = sub(1, div(distC, IKStretched));\nboneStretch -= mul(easeOut(shrink, 0, shrinkMax), proportion);\nif (distC > IKStretched && auto && IK)\n    boneStretch += mul(sub(distC, IKLength), proportion);\nelse\n    boneStretch += mul(stretch, proportion);\ncoef = 1;\ndist1 != 0 ? coef = div(sum(dist1, boneStretch), dist1) : coef = 1;\n$bm_rt = sum(mul(sub([\n    28.3465881347656,\n    91.5001907348633,\n    0\n], [\n    86.2565002441406,\n    24.9244918823242,\n    0\n]), coef), [\n    86.2565002441406,\n    24.9244918823242,\n    0\n]);"},"a":{"a":0,"k":[24.591,14.329,0],"ix":1},"s":{"a":0,"k":[100,100,100],"ix":6}},"ao":0,"shapes":[{"ty":"gr","it":[{"ind":0,"ty":"sh","ix":1,"ks":{"a":0,"k":{"i":[[20.854,-5.633],[0,0],[-27.414,-2.242],[0,0],[0,0]],"o":[[0,0],[0,0],[0,0],[0,0],[0,0]],"v":[[35.488,34.079],[-44.324,-12.299],[-28.927,-31.837],[-5.417,-18.307],[43.924,12.111]],"c":true},"ix":2},"nm":"Path 1","mn":"ADBE Vector Shape - Group","hd":false},{"ty":"tr","p":{"a":0,"k":[56.591,34.329],"ix":2},"a":{"a":0,"k":[0,0],"ix":1},"s":{"a":0,"k":[100,100],"ix":3},"r":{"a":0,"k":0,"ix":6},"o":{"a":0,"k":100,"ix":7},"sk":{"a":0,"k":0,"ix":4},"sa":{"a":0,"k":0,"ix":5},"nm":"Transform"}],"nm":"Group 1","np":1,"cix":2,"ix":1,"mn":"ADBE Vector Group","hd":false},{"ty":"fl","c":{"a":0,"k":[0.687643791648,0.716253063725,0.57797277114,1],"ix":4},"o":{"a":0,"k":100,"ix":5},"r":1,"nm":"Fill 1","mn":"ADBE Vector Graphic - Fill","hd":false}],"ip":0,"op":120,"st":0,"bm":0},{"ddd":0,"ind":7,"ty":4,"nm":"head Outlines","parent":10,"sr":1,"ks":{"o":{"a":0,"k":100,"ix":11},"r":{"a":0,"k":0,"ix":10},"p":{"a":0,"k":[-13.255,-25.831,0],"ix":2},"a":{"a":0,"k":[175.451,55.386,0],"ix":1},"s":{"a":0,"k":[100,100,100],"ix":6}},"ao":0,"shapes":[{"ty":"gr","it":[{"ind":0,"ty":"sh","ix":1,"ks":{"a":0,"k":{"i":[[0,0],[0,0],[0,0],[19.847,46.098],[46.738,10.244],[0,0],[0,0]],"o":[[0,0],[0,0],[0,0],[0,0],[0,0],[0,0],[0,0]],"v":[[-57.302,29.132],[-0.961,26.571],[-0.961,8.004],[37.456,-29.132],[-40.015,-24.009],[-40.656,0],[-53.462,3.522]],"c":true},"ix":2},"nm":"Path 1","mn":"ADBE Vector Shape - Group","hd":false},{"ty":"fl","c":{"a":0,"k":[0.067781089334,0.120023660099,0.148388986027,1],"ix":4},"o":{"a":0,"k":100,"ix":5},"r":1,"nm":"Fill 1","mn":"ADBE Vector Graphic - Fill","hd":false},{"ty":"tr","p":{"a":0,"k":[293.35,29.381],"ix":2},"a":{"a":0,"k":[0,0],"ix":1},"s":{"a":0,"k":[100,100],"ix":3},"r":{"a":0,"k":0,"ix":6},"o":{"a":0,"k":100,"ix":7},"sk":{"a":0,"k":0,"ix":4},"sa":{"a":0,"k":0,"ix":5},"nm":"Transform"}],"nm":"Group 2","np":2,"cix":2,"ix":1,"mn":"ADBE Vector Group","hd":false},{"ty":"gr","it":[{"ind":0,"ty":"sh","ix":1,"ks":{"a":0,"k":{"i":[[0,0],[8.061,36.277],[5.624,-7.256],[-22.659,-11.707]],"o":[[0,0],[-8.062,-36.277],[-5.625,7.255],[22.659,11.706]],"v":[[9.328,40.974],[41.632,-5.782],[-21.266,-17.068],[-27.034,30.354]],"c":true},"ix":2},"nm":"Path 1","mn":"ADBE Vector Shape - Group","hd":false},{"ty":"fl","c":{"a":0,"k":[0.968428308824,0.877076272403,0.436356458477,1],"ix":4},"o":{"a":0,"k":100,"ix":5},"r":1,"nm":"Fill 1","mn":"ADBE Vector Graphic - Fill","hd":false},{"ty":"tr","p":{"a":0,"k":[283.605,51.931],"ix":2},"a":{"a":0,"k":[0,0],"ix":1},"s":{"a":0,"k":[100,100],"ix":3},"r":{"a":0,"k":0,"ix":6},"o":{"a":0,"k":100,"ix":7},"sk":{"a":0,"k":0,"ix":4},"sa":{"a":0,"k":0,"ix":5},"nm":"Transform"}],"nm":"Group 3","np":2,"cix":2,"ix":2,"mn":"ADBE Vector Group","hd":false}],"ip":0,"op":120,"st":0,"bm":0},{"ddd":0,"ind":8,"ty":4,"nm":"front shoulder to elbow Outlines","parent":10,"sr":1,"ks":{"o":{"a":0,"k":100,"ix":11},"r":{"a":0,"k":0,"ix":10,"x":"var $bm_rt;\nvar layer1, layer2, controller, zeroName, zero, ctrlEffect, limit, FK, IKFK, cw;\nlayer1 = thisComp.layer('front shoulder to elbow Outlines');\nlayer2 = thisComp.layer('front elbow to hand Outlines');\ncontroller = thisComp.layer('C_front hand Outlines');\nzeroName = 'IK_zero t elbow to hand Outlines';\nzero = thisComp.layer(zeroName);\nctrlEffect = controller.effect('IK front elbow to hand Outlines');\nlimit = effect('IK Limit')(1);\nFK = ctrlEffect(4);\nIKFK = ctrlEffect(3) == 0;\ncw = ctrlEffect(1) == 1;\nfunction getWorldPos(L) {\n    return L.toWorld(L.anchorPoint);\n}\nfunction ik() {\n    var A, B, C, E, a, b, c, x, alpha, D, delta, result, V, adj1, IK, IK;\n    A = getWorldPos(layer1);\n    B = getWorldPos(layer2);\n    C = getWorldPos(zero);\n    E = getWorldPos(controller);\n    a = length(B, C);\n    b = length(E, A);\n    c = length(A, B);\n    x = div(sub(sum(mul(b, b), mul(c, c)), mul(a, a)), mul(2, b));\n    alpha = Math.acos(clamp(div(x, c), -1, 1));\n    D = sub(E, A);\n    delta = Math.atan2(D[1], D[0]);\n    result = radiansToDegrees(sub(delta, mul(cw ? 1 : -1, alpha)));\n    V = sub(B, A);\n    adj1 = radiansToDegrees(Math.atan2(V[1], V[0]));\n    IK = sum(sub(result, adj1), value);\n    if (IK < limit)\n        IK += 360;\n    return IK;\n}\n$bm_rt = IKFK ? ik() : FK;"},"p":{"a":0,"k":[75.568,28.911,0],"ix":2},"a":{"a":0,"k":[86.257,24.924,0],"ix":1},"s":{"a":0,"k":[100,100,100],"ix":6}},"ao":0,"ef":[{"ty":5,"nm":"IK Limit","np":3,"mn":"ADBE Angle Control","ix":1,"en":1,"ef":[{"ty":0,"nm":"Angle","mn":"ADBE Angle Control-0001","ix":1,"v":{"a":0,"k":0,"ix":1}}]}],"shapes":[{"ty":"gr","it":[{"ind":0,"ty":"sh","ix":1,"ks":{"a":0,"k":{"i":[[0,0],[0,0],[-21.968,-6.76],[-0.563,27.601]],"o":[[0,0],[0,0],[17.529,5.393],[0.564,-27.601]],"v":[[29.855,-35.65],[-35.487,26.875],[-27.038,48.281],[48.442,-26.073]],"c":true},"ix":2},"nm":"Path 1","mn":"ADBE Vector Shape - Group","hd":false},{"ty":"tr","p":{"a":0,"k":[49.256,53.925],"ix":2},"a":{"a":0,"k":[0,0],"ix":1},"s":{"a":0,"k":[100,100],"ix":3},"r":{"a":0,"k":0,"ix":6},"o":{"a":0,"k":100,"ix":7},"sk":{"a":0,"k":0,"ix":4},"sa":{"a":0,"k":0,"ix":5},"nm":"Transform"}],"nm":"Group 1","np":1,"cix":2,"ix":1,"mn":"ADBE Vector Group","hd":false},{"ty":"fl","c":{"a":0,"k":[0.687643791648,0.716253063725,0.57797277114,1],"ix":4},"o":{"a":0,"k":100,"ix":5},"r":1,"nm":"Fill 1","mn":"ADBE Vector Graphic - Fill","hd":false}],"ip":0,"op":120,"st":0,"bm":0},{"ddd":0,"ind":9,"ty":4,"nm":"backpack","parent":10,"sr":1,"ks":{"o":{"a":0,"k":100,"ix":11},"r":{"a":0,"k":0,"ix":10},"p":{"a":0,"k":[90.475,163.033,0],"ix":2},"a":{"a":0,"k":[0,0,0],"ix":1},"s":{"a":0,"k":[100,100,100],"ix":6}},"ao":0,"shapes":[{"ty":"gr","it":[{"ty":"rc","d":1,"s":{"a":0,"k":[44.055,52.016],"ix":2},"p":{"a":0,"k":[0,0],"ix":3},"r":{"a":0,"k":8,"ix":4},"nm":"Rectangle Path 1","mn":"ADBE Vector Shape - Rect","hd":false},{"ty":"st","c":{"a":0,"k":[0.113725490196,0.282352941176,0.43137254902,1],"ix":3},"o":{"a":0,"k":100,"ix":4},"w":{"a":0,"k":7,"ix":5},"lc":1,"lj":1,"ml":4,"nm":"Stroke 1","mn":"ADBE Vector Graphic - Stroke","hd":false},{"ty":"fl","c":{"a":0,"k":[0.113725490196,0.282352941176,0.43137254902,1],"ix":4},"o":{"a":0,"k":100,"ix":5},"r":1,"nm":"Fill 1","mn":"ADBE Vector Graphic - Fill","hd":false},{"ty":"tr","p":{"a":0,"k":[-97.781,-82.809],"ix":2},"a":{"a":0,"k":[0,0],"ix":1},"s":{"a":0,"k":[100,100],"ix":3},"r":{"a":0,"k":23.445,"ix":6},"o":{"a":0,"k":100,"ix":7},"sk":{"a":0,"k":0,"ix":4},"sa":{"a":0,"k":0,"ix":5},"nm":"Transform"}],"nm":"Rectangle 2","np":3,"cix":2,"ix":1,"mn":"ADBE Vector Group","hd":false},{"ty":"gr","it":[{"ty":"rc","d":1,"s":{"a":0,"k":[48.379,107.809],"ix":2},"p":{"a":0,"k":[0,0],"ix":3},"r":{"a":0,"k":12,"ix":4},"nm":"Rectangle Path 1","mn":"ADBE Vector Shape - Rect","hd":false},{"ty":"st","c":{"a":0,"k":[0.113725490196,0.282352941176,0.43137254902,1],"ix":3},"o":{"a":0,"k":100,"ix":4},"w":{"a":0,"k":7,"ix":5},"lc":1,"lj":1,"ml":4,"nm":"Stroke 1","mn":"ADBE Vector Graphic - Stroke","hd":false},{"ty":"fl","c":{"a":0,"k":[0.113725490196,0.282352941176,0.43137254902,1],"ix":4},"o":{"a":0,"k":100,"ix":5},"r":1,"nm":"Fill 1","mn":"ADBE Vector Graphic - Fill","hd":false},{"ty":"tr","p":{"a":0,"k":[-73.717,-102.439],"ix":2},"a":{"a":0,"k":[0,0],"ix":1},"s":{"a":0,"k":[87.381,100],"ix":3},"r":{"a":0,"k":22.525,"ix":6},"o":{"a":0,"k":100,"ix":7},"sk":{"a":0,"k":0,"ix":4},"sa":{"a":0,"k":0,"ix":5},"nm":"Transform"}],"nm":"Rectangle 1","np":3,"cix":2,"ix":2,"mn":"ADBE Vector Group","hd":false}],"ip":0,"op":120,"st":0,"bm":0},{"ddd":0,"ind":10,"ty":4,"nm":"torso Outlines","sr":1,"ks":{"o":{"a":0,"k":100,"ix":11},"r":{"a":1,"k":[{"i":{"x":[0.833],"y":[0.833]},"o":{"x":[0.167],"y":[0.167]},"n":["0p833_0p833_0p167_0p167"],"t":0,"s":[0],"e":[38.688]},{"i":{"x":[0.833],"y":[0.833]},"o":{"x":[0.167],"y":[0.167]},"n":["0p833_0p833_0p167_0p167"],"t":60,"s":[38.688],"e":[0]},{"t":119}],"ix":10},"p":{"a":1,"k":[{"i":{"x":0.833,"y":0.833},"o":{"x":0.167,"y":0.167},"n":"0p833_0p833_0p167_0p167","t":0,"s":[240.03,195.509,0],"e":[304.03,189.509,0],"to":[10.6666669845581,-1,0],"ti":[0,0,0]},{"i":{"x":0.833,"y":0.833},"o":{"x":0.167,"y":0.167},"n":"0p833_0p833_0p167_0p167","t":60,"s":[304.03,189.509,0],"e":[240.03,195.509,0],"to":[0,0,0],"ti":[10.6666669845581,-1,0]},{"t":119}],"ix":2},"a":{"a":0,"k":[52.505,74.542,0],"ix":1},"s":{"a":0,"k":[100,100,100],"ix":6}},"ao":0,"shapes":[{"ty":"gr","it":[{"ind":0,"ty":"sh","ix":1,"ks":{"a":0,"k":{"i":[[0,0],[0,0],[0,0],[31.384,-52.377]],"o":[[0,0],[0,0],[0,0],[0,0]],"v":[[-52.255,69.323],[12.184,-74.293],[52.255,-65.509],[11.578,74.293]],"c":true},"ix":2},"nm":"Path 1","mn":"ADBE Vector Shape - Group","hd":false},{"ty":"fl","c":{"a":0,"k":[0.952527154661,0.992156862745,0.800610411401,1],"ix":4},"o":{"a":0,"k":100,"ix":5},"r":1,"nm":"Fill 1","mn":"ADBE Vector Graphic - Fill","hd":false},{"ty":"tr","p":{"a":0,"k":[52.505,74.543],"ix":2},"a":{"a":0,"k":[0,0],"ix":1},"s":{"a":0,"k":[100,100],"ix":3},"r":{"a":0,"k":0,"ix":6},"o":{"a":0,"k":100,"ix":7},"sk":{"a":0,"k":0,"ix":4},"sa":{"a":0,"k":0,"ix":5},"nm":"Transform"}],"nm":"Group 1","np":2,"cix":2,"ix":1,"mn":"ADBE Vector Group","hd":false}],"ip":0,"op":120,"st":0,"bm":0},{"ddd":0,"ind":11,"ty":4,"nm":"front shoe Outlines","parent":12,"sr":1,"ks":{"o":{"a":0,"k":100,"ix":11},"r":{"a":0,"k":360,"ix":10,"x":"var $bm_rt;\nvar C = thisComp.layer('C_front shoe Outlines');\nvar goal = C.effect('Goal front shoe Outlines')(1);\nvar result = sum(value, C.rotation);\nif (goal == 1) {\n    var layer = thisLayer;\n    while (layer.hasParent) {\n        layer = layer.parent;\n        result = sub(result, layer.rotation);\n    }\n}\n$bm_rt = result;"},"p":{"a":0,"k":[21.789,118.951,0],"ix":2,"x":"var $bm_rt;\n$bm_rt = thisComp.layer('IK_zero ont knee to leg Outlines').position;"},"a":{"a":0,"k":[26.432,12.034,0],"ix":1},"s":{"a":0,"k":[100,100,100],"ix":6}},"ao":0,"shapes":[{"ty":"gr","it":[{"ind":0,"ty":"sh","ix":1,"ks":{"a":0,"k":{"i":[[0,0],[0,0]],"o":[[0,0],[0,0]],"v":[[30.638,36.567],[72.154,36.567]],"c":false},"ix":2},"nm":"Path 1","mn":"ADBE Vector Shape - Group","hd":false},{"ty":"st","c":{"a":0,"k":[0.108188128004,0.074414458929,0.078551490634,1],"ix":3},"o":{"a":0,"k":100,"ix":4},"w":{"a":0,"k":11,"ix":5},"lc":1,"lj":1,"ml":10,"nm":"Stroke 1","mn":"ADBE Vector Graphic - Stroke","hd":false},{"ty":"tr","p":{"a":0,"k":[0,0],"ix":2},"a":{"a":0,"k":[0,0],"ix":1},"s":{"a":0,"k":[100,100],"ix":3},"r":{"a":0,"k":0,"ix":6},"o":{"a":0,"k":100,"ix":7},"sk":{"a":0,"k":0,"ix":4},"sa":{"a":0,"k":0,"ix":5},"nm":"Transform"}],"nm":"Group 1","np":2,"cix":2,"ix":1,"mn":"ADBE Vector Group","hd":false},{"ty":"gr","it":[{"ind":0,"ty":"sh","ix":1,"ks":{"a":0,"k":{"i":[[0,0],[0,0],[0,0],[0,0]],"o":[[0,0],[0,0],[0,0],[0,0]],"v":[[-40.051,-3.072],[-40.051,3.072],[40.051,3.072],[39.913,-3.072]],"c":true},"ix":2},"nm":"Path 1","mn":"ADBE Vector Shape - Group","hd":false},{"ty":"fl","c":{"a":0,"k":[0.367447886747,0.438984261307,0.69998887006,1],"ix":4},"o":{"a":0,"k":100,"ix":5},"r":1,"nm":"Fill 1","mn":"ADBE Vector Graphic - Fill","hd":false},{"ty":"tr","p":{"a":0,"k":[41.063,27.864],"ix":2},"a":{"a":0,"k":[0,0],"ix":1},"s":{"a":0,"k":[100,100],"ix":3},"r":{"a":0,"k":0,"ix":6},"o":{"a":0,"k":100,"ix":7},"sk":{"a":0,"k":0,"ix":4},"sa":{"a":0,"k":0,"ix":5},"nm":"Transform"}],"nm":"Group 2","np":2,"cix":2,"ix":2,"mn":"ADBE Vector Group","hd":false},{"ty":"gr","it":[{"ind":0,"ty":"sh","ix":1,"ks":{"a":0,"k":{"i":[[0,0],[-0.762,-11.058],[0,0],[20.887,4.915],[0,8.191]],"o":[[0,0],[0,0],[0,0],[0,0],[0,0]],"v":[[-27.746,-12.271],[-40.42,12.271],[39.544,12.271],[20.295,2.851],[-2.047,-8.616]],"c":true},"ix":2},"nm":"Path 1","mn":"ADBE Vector Shape - Group","hd":false},{"ty":"fl","c":{"a":0,"k":[0.7234122482,0.701506192076,0.667574295343,1],"ix":4},"o":{"a":0,"k":100,"ix":5},"r":1,"nm":"Fill 1","mn":"ADBE Vector Graphic - Fill","hd":false},{"ty":"tr","p":{"a":0,"k":[41.432,12.521],"ix":2},"a":{"a":0,"k":[0,0],"ix":1},"s":{"a":0,"k":[100,100],"ix":3},"r":{"a":0,"k":0,"ix":6},"o":{"a":0,"k":100,"ix":7},"sk":{"a":0,"k":0,"ix":4},"sa":{"a":0,"k":0,"ix":5},"nm":"Transform"}],"nm":"Group 3","np":2,"cix":2,"ix":3,"mn":"ADBE Vector Group","hd":false}],"ip":0,"op":120,"st":0,"bm":0},{"ddd":0,"ind":12,"ty":4,"nm":"front knee to leg Outlines","parent":13,"sr":1,"ks":{"o":{"a":0,"k":100,"ix":11},"r":{"a":0,"k":0,"ix":10,"x":"var $bm_rt;\nvar layer1, layer2, controller, zeroName, zero, ctrlEffect, FK, IKFK, cw;\nlayer1 = thisComp.layer('front thigh to knee Outlines');\nlayer2 = thisComp.layer('front knee to leg Outlines');\ncontroller = thisComp.layer('C_front shoe Outlines');\nzeroName = 'IK_zero ont knee to leg Outlines';\nzero = thisComp.layer(zeroName);\nctrlEffect = controller.effect('IK front knee to leg Outlines');\nFK = ctrlEffect(5);\nIKFK = ctrlEffect(3) == 0;\ncw = ctrlEffect(1) == 1;\nfunction getWorldPos(L) {\n    return L.toWorld(L.anchorPoint);\n}\nfunction ik() {\n    var A, B, C, E, a, b, c, x, alpha, y, gamma, result, V1, adj1, V2, adj2, IK;\n    A = getWorldPos(layer1);\n    B = getWorldPos(layer2);\n    C = getWorldPos(zero);\n    E = getWorldPos(controller);\n    a = length(B, C);\n    b = length(E, A);\n    c = length(A, B);\n    x = div(sub(sum(mul(b, b), mul(c, c)), mul(a, a)), mul(2, b));\n    alpha = Math.acos(clamp(div(x, c), -1, 1));\n    y = sub(b, x);\n    gamma = Math.acos(clamp(div(y, a), -1, 1));\n    result = mul(cw ? 1 : -1, radiansToDegrees(sum(gamma, alpha)));\n    V1 = sub(B, A);\n    adj1 = radiansToDegrees(Math.atan2(V1[1], V1[0]));\n    V2 = sub(C, B);\n    adj2 = radiansToDegrees(Math.atan2(V2[1], V2[0]));\n    IK = sum(sub(sum(result, adj1), adj2), value);\n    return IK;\n}\n$bm_rt = IKFK ? ik() : FK;"},"p":{"a":0,"k":[131.299,169.101,0],"ix":2,"x":"var $bm_rt;\nvar layer1, controller, ctrlEffect, stretch, auto, IK, shrinkVal, dist1, dist2, IKLength, IKStretched, boneStretch, proportion, posC, posR, distC, shrinkMax, shrink, shrink, boneStretch, boneStretch, boneStretch, coef;\nlayer1 = thisComp.layer('front thigh to knee Outlines');\ncontroller = thisComp.layer('C_front shoe Outlines');\nctrlEffect = controller.effect('IK front knee to leg Outlines');\nstretch = ctrlEffect(9);\nauto = ctrlEffect(8) == 1;\nIK = ctrlEffect(3) == 0;\nshrinkVal = div(ctrlEffect(10), 100);\nfunction getWorldPos(L) {\n    return L.toWorld(L.anchorPoint);\n}\ndist1 = length([\n    41.6315002441406,\n    45.9964981079102,\n    0\n], [\n    126.879287719727,\n    166.710487365723,\n    0\n]);\ndist2 = length([\n    57.547492980957,\n    15.9799957275391,\n    0\n], [\n    21.7892990112305,\n    118.951431274414,\n    0\n]);\nIKLength = sum(dist1, dist2);\nIKStretched = sum(IKLength, stretch);\nboneStretch = 0;\nproportion = div(dist1, IKLength);\nposC = getWorldPos(controller);\nposR = getWorldPos(layer1);\ndistC = length(posC, posR);\nshrinkMax = mul(IKLength, shrinkVal);\nshrink = 0;\nif (distC < IKStretched && IK)\n    shrink = sub(1, div(distC, IKStretched));\nboneStretch -= mul(easeOut(shrink, 0, shrinkMax), proportion);\nif (distC > IKStretched && auto && IK)\n    boneStretch += mul(sub(distC, IKLength), proportion);\nelse\n    boneStretch += mul(stretch, proportion);\ncoef = 1;\ndist1 != 0 ? coef = div(sum(dist1, boneStretch), dist1) : coef = 1;\n$bm_rt = sum(mul(sub([\n    126.879287719727,\n    166.710487365723,\n    0\n], [\n    41.6315002441406,\n    45.9964981079102,\n    0\n]), coef), [\n    41.6315002441406,\n    45.9964981079102,\n    0\n]);"},"a":{"a":0,"k":[62.126,13.909,0],"ix":1},"s":{"a":0,"k":[100,100,100],"ix":6}},"ao":0,"shapes":[{"ty":"gr","it":[{"ind":0,"ty":"sh","ix":1,"ks":{"a":0,"k":{"i":[[0,0],[0,0],[0,0],[0,0]],"o":[[0,0],[0,0],[0,0],[0,0]],"v":[[-3.23,-24.59],[-20.851,24.59],[6.149,24.59],[20.851,-16.398]],"c":true},"ix":2},"nm":"Path 1","mn":"ADBE Vector Shape - Group","hd":false},{"ty":"fl","c":{"a":0,"k":[0.96862745098,0.878431372549,0.435294117647,1],"ix":4},"o":{"a":0,"k":100,"ix":5},"r":1,"nm":"Fill 1","mn":"ADBE Vector Graphic - Fill","hd":false},{"ty":"tr","p":{"a":0,"k":[21.101,107.12],"ix":2},"a":{"a":0,"k":[0,0],"ix":1},"s":{"a":0,"k":[100,100],"ix":3},"r":{"a":0,"k":0,"ix":6},"o":{"a":0,"k":100,"ix":7},"sk":{"a":0,"k":0,"ix":4},"sa":{"a":0,"k":0,"ix":5},"nm":"Transform"}],"nm":"Group 1","np":2,"cix":2,"ix":1,"mn":"ADBE Vector Group","hd":false},{"ty":"gr","it":[{"ind":0,"ty":"sh","ix":1,"ks":{"a":0,"k":{"i":[[0,0],[-18.02,18.192],[0,0],[0,0],[12.286,-10.648],[7.29,-9.01]],"o":[[0,0],[0,0],[0,0],[0,0],[0,0],[0,0]],"v":[[-29.487,37.045],[-10.191,-30.034],[1.486,-45.236],[25.391,-36.673],[17.201,-11.281],[-5.406,45.236]],"c":true},"ix":2},"nm":"Path 1","mn":"ADBE Vector Shape - Group","hd":false},{"ty":"fl","c":{"a":0,"k":[0.296116638184,0.515704884249,0.734961176854,1],"ix":4},"o":{"a":0,"k":100,"ix":5},"r":1,"nm":"Fill 1","mn":"ADBE Vector Graphic - Fill","hd":false},{"ty":"tr","p":{"a":0,"k":[47.358,45.486],"ix":2},"a":{"a":0,"k":[0,0],"ix":1},"s":{"a":0,"k":[100,100],"ix":3},"r":{"a":0,"k":0,"ix":6},"o":{"a":0,"k":100,"ix":7},"sk":{"a":0,"k":0,"ix":4},"sa":{"a":0,"k":0,"ix":5},"nm":"Transform"}],"nm":"Group 2","np":2,"cix":2,"ix":2,"mn":"ADBE Vector Group","hd":false}],"ip":0,"op":120,"st":0,"bm":0},{"ddd":0,"ind":13,"ty":4,"nm":"front thigh to knee Outlines","parent":10,"sr":1,"ks":{"o":{"a":0,"k":100,"ix":11},"r":{"a":0,"k":0,"ix":10,"x":"var $bm_rt;\nvar layer1, layer2, controller, zeroName, zero, ctrlEffect, limit, FK, IKFK, cw;\nlayer1 = thisComp.layer('front thigh to knee Outlines');\nlayer2 = thisComp.layer('front knee to leg Outlines');\ncontroller = thisComp.layer('C_front shoe Outlines');\nzeroName = 'IK_zero ont knee to leg Outlines';\nzero = thisComp.layer(zeroName);\nctrlEffect = controller.effect('IK front knee to leg Outlines');\nlimit = effect('IK Limit')(1);\nFK = ctrlEffect(4);\nIKFK = ctrlEffect(3) == 0;\ncw = ctrlEffect(1) == 1;\nfunction getWorldPos(L) {\n    return L.toWorld(L.anchorPoint);\n}\nfunction ik() {\n    var A, B, C, E, a, b, c, x, alpha, D, delta, result, V, adj1, IK, IK;\n    A = getWorldPos(layer1);\n    B = getWorldPos(layer2);\n    C = getWorldPos(zero);\n    E = getWorldPos(controller);\n    a = length(B, C);\n    b = length(E, A);\n    c = length(A, B);\n    x = div(sub(sum(mul(b, b), mul(c, c)), mul(a, a)), mul(2, b));\n    alpha = Math.acos(clamp(div(x, c), -1, 1));\n    D = sub(E, A);\n    delta = Math.atan2(D[1], D[0]);\n    result = radiansToDegrees(sub(delta, mul(cw ? 1 : -1, alpha)));\n    V = sub(B, A);\n    adj1 = radiansToDegrees(Math.atan2(V[1], V[0]));\n    IK = sum(sub(result, adj1), value);\n    if (IK < limit)\n        IK += 360;\n    return IK;\n}\n$bm_rt = IKFK ? ik() : FK;"},"p":{"a":0,"k":[25.888,161.518,0],"ix":2},"a":{"a":0,"k":[41.632,45.996,0],"ix":1},"s":{"a":0,"k":[100,100,100],"ix":6}},"ao":0,"ef":[{"ty":5,"nm":"IK Limit","np":3,"mn":"ADBE Angle Control","ix":1,"en":1,"ef":[{"ty":0,"nm":"Angle","mn":"ADBE Angle Control-0001","ix":1,"v":{"a":0,"k":0,"ix":1}}]}],"shapes":[{"ty":"gr","it":[{"ind":0,"ty":"sh","ix":1,"ks":{"a":0,"k":{"i":[[16.117,3.008],[15.744,-28.095],[0,0],[0,0],[0,0],[8.002,21.772]],"o":[[0,0],[-15.743,28.096],[0,0],[0,0],[0,0],[-8.001,-21.772]],"v":[[-12.814,-76.736],[-58.638,-61.651],[-36.888,-6.074],[27.657,67.643],[47.889,89.746],[66.38,63.368]],"c":true},"ix":2},"nm":"Path 1","mn":"ADBE Vector Shape - Group","hd":false},{"ty":"fl","c":{"a":0,"k":[0.296116638184,0.515704884249,0.734961176854,1],"ix":4},"o":{"a":0,"k":100,"ix":5},"r":1,"nm":"Fill 1","mn":"ADBE Vector Graphic - Fill","hd":false},{"ty":"tr","p":{"a":0,"k":[74.631,89.996],"ix":2},"a":{"a":0,"k":[0,0],"ix":1},"s":{"a":0,"k":[100,100],"ix":3},"r":{"a":0,"k":0,"ix":6},"o":{"a":0,"k":100,"ix":7},"sk":{"a":0,"k":0,"ix":4},"sa":{"a":0,"k":0,"ix":5},"nm":"Transform"}],"nm":"Group 1","np":2,"cix":2,"ix":1,"mn":"ADBE Vector Group","hd":false}],"ip":0,"op":120,"st":0,"bm":0},{"ddd":0,"ind":14,"ty":4,"nm":"handle Outlines","sr":1,"ks":{"o":{"a":0,"k":100,"ix":11},"r":{"a":0,"k":0,"ix":10},"p":{"a":0,"k":[338.208,258,0],"ix":2},"a":{"a":0,"k":[23.375,13.917,0],"ix":1},"s":{"a":0,"k":[100,100,100],"ix":6}},"ao":0,"shapes":[{"ty":"gr","it":[{"ind":0,"ty":"sh","ix":1,"ks":{"a":0,"k":{"i":[[0,0],[0,0]],"o":[[0,0],[0,0]],"v":[[8.5,13.917],[32.834,13.917]],"c":false},"ix":2},"nm":"Path 1","mn":"ADBE Vector Shape - Group","hd":false},{"ty":"st","c":{"a":0,"k":[0.108188128004,0.074414458929,0.078551490634,1],"ix":3},"o":{"a":0,"k":100,"ix":4},"w":{"a":0,"k":17,"ix":5},"lc":2,"lj":2,"nm":"Stroke 1","mn":"ADBE Vector Graphic - Stroke","hd":false},{"ty":"tr","p":{"a":0,"k":[0,0],"ix":2},"a":{"a":0,"k":[0,0],"ix":1},"s":{"a":0,"k":[100,100],"ix":3},"r":{"a":0,"k":0,"ix":6},"o":{"a":0,"k":100,"ix":7},"sk":{"a":0,"k":0,"ix":4},"sa":{"a":0,"k":0,"ix":5},"nm":"Transform"}],"nm":"Group 1","np":2,"cix":2,"ix":1,"mn":"ADBE Vector Group","hd":false},{"ty":"gr","it":[{"ind":0,"ty":"sh","ix":1,"ks":{"a":0,"k":{"i":[[0,7.548],[-7.548,0],[0,-7.548],[7.548,0]],"o":[[0,-7.548],[7.548,0],[0,7.548],[-7.548,0]],"v":[[-13.666,0],[0.001,-13.667],[13.666,0],[0.001,13.667]],"c":true},"ix":2},"nm":"Path 1","mn":"ADBE Vector Shape - Group","hd":false},{"ty":"fl","c":{"a":0,"k":[0.108188128004,0.074414458929,0.078551490634,1],"ix":4},"o":{"a":0,"k":100,"ix":5},"r":1,"nm":"Fill 1","mn":"ADBE Vector Graphic - Fill","hd":false},{"ty":"tr","p":{"a":0,"k":[32.833,13.917],"ix":2},"a":{"a":0,"k":[0,0],"ix":1},"s":{"a":0,"k":[100,100],"ix":3},"r":{"a":0,"k":0,"ix":6},"o":{"a":0,"k":100,"ix":7},"sk":{"a":0,"k":0,"ix":4},"sa":{"a":0,"k":0,"ix":5},"nm":"Transform"}],"nm":"Group 2","np":2,"cix":2,"ix":2,"mn":"ADBE Vector Group","hd":false}],"ip":0,"op":120,"st":0,"bm":0},{"ddd":0,"ind":15,"ty":4,"nm":"seat Outlines","sr":1,"ks":{"o":{"a":0,"k":100,"ix":11},"r":{"a":0,"k":0,"ix":10},"p":{"a":0,"k":[205.333,298.833,0],"ix":2},"a":{"a":0,"k":[44.25,12.083,0],"ix":1},"s":{"a":0,"k":[100,100,100],"ix":6}},"ao":0,"shapes":[{"ty":"gr","it":[{"ind":0,"ty":"sh","ix":1,"ks":{"a":0,"k":{"i":[[-9.896,0],[0,0],[44,0]],"o":[[0,0],[0,0],[-44,0]],"v":[[-30.229,-11.834],[36.334,-11.834],[0,11.834]],"c":true},"ix":2},"nm":"Path 1","mn":"ADBE Vector Shape - Group","hd":false},{"ty":"fl","c":{"a":0,"k":[0.108188128004,0.074414458929,0.078551490634,1],"ix":4},"o":{"a":0,"k":100,"ix":5},"r":1,"nm":"Fill 1","mn":"ADBE Vector Graphic - Fill","hd":false},{"ty":"tr","p":{"a":0,"k":[44.25,12.084],"ix":2},"a":{"a":0,"k":[0,0],"ix":1},"s":{"a":0,"k":[100,100],"ix":3},"r":{"a":0,"k":0,"ix":6},"o":{"a":0,"k":100,"ix":7},"sk":{"a":0,"k":0,"ix":4},"sa":{"a":0,"k":0,"ix":5},"nm":"Transform"}],"nm":"Group 1","np":2,"cix":2,"ix":1,"mn":"ADBE Vector Group","hd":false}],"ip":0,"op":120,"st":0,"bm":0},{"ddd":0,"ind":16,"ty":4,"nm":"crank Outlines","sr":1,"ks":{"o":{"a":0,"k":100,"ix":11},"r":{"a":1,"k":[{"i":{"x":[0.833],"y":[0.833]},"o":{"x":[0.167],"y":[0.167]},"n":["0p833_0p833_0p167_0p167"],"t":0,"s":[0],"e":[180]},{"i":{"x":[0.833],"y":[0.833]},"o":{"x":[0.167],"y":[0.167]},"n":["0p833_0p833_0p167_0p167"],"t":60,"s":[180],"e":[360]},{"t":119}],"ix":10},"p":{"a":0,"k":[271.83,479.061,0],"ix":2},"a":{"a":0,"k":[30.812,58.082,0],"ix":1},"s":{"a":0,"k":[100,100,100],"ix":6}},"ao":0,"shapes":[{"ty":"gr","it":[{"ind":0,"ty":"sh","ix":1,"ks":{"a":0,"k":{"i":[[0,0],[0,0]],"o":[[0,0],[0,0]],"v":[[30.811,4.476],[30.811,111.688]],"c":false},"ix":2},"nm":"Path 1","mn":"ADBE Vector Shape - Group","hd":false},{"ty":"st","c":{"a":0,"k":[0.478431372549,0.043137254902,0.03137254902,1],"ix":3},"o":{"a":0,"k":100,"ix":4},"w":{"a":0,"k":8.952,"ix":5},"lc":1,"lj":1,"ml":10,"nm":"Stroke 1","mn":"ADBE Vector Graphic - Stroke","hd":false},{"ty":"tr","p":{"a":0,"k":[0,0],"ix":2},"a":{"a":0,"k":[0,0],"ix":1},"s":{"a":0,"k":[100,100],"ix":3},"r":{"a":0,"k":0,"ix":6},"o":{"a":0,"k":100,"ix":7},"sk":{"a":0,"k":0,"ix":4},"sa":{"a":0,"k":0,"ix":5},"nm":"Transform"}],"nm":"Group 1","np":2,"cix":2,"ix":1,"mn":"ADBE Vector Group","hd":false},{"ty":"gr","it":[{"ind":0,"ty":"sh","ix":1,"ks":{"a":0,"k":{"i":[[0,16.879],[-16.878,0],[0,-16.878],[16.878,0]],"o":[[0,-16.878],[16.878,0],[0,16.879],[-16.878,0]],"v":[[-30.561,-0.001],[-0.001,-30.561],[30.561,-0.001],[-0.001,30.561]],"c":true},"ix":2},"nm":"Path 1","mn":"ADBE Vector Shape - Group","hd":false},{"ty":"fl","c":{"a":0,"k":[0.477159926471,0.042158706515,0.032577181797,1],"ix":4},"o":{"a":0,"k":100,"ix":5},"r":1,"nm":"Fill 1","mn":"ADBE Vector Graphic - Fill","hd":false},{"ty":"tr","p":{"a":0,"k":[30.811,58.082],"ix":2},"a":{"a":0,"k":[0,0],"ix":1},"s":{"a":0,"k":[100,100],"ix":3},"r":{"a":0,"k":0,"ix":6},"o":{"a":0,"k":100,"ix":7},"sk":{"a":0,"k":0,"ix":4},"sa":{"a":0,"k":0,"ix":5},"nm":"Transform"}],"nm":"Group 2","np":2,"cix":2,"ix":2,"mn":"ADBE Vector Group","hd":false}],"ip":0,"op":120,"st":0,"bm":0},{"ddd":0,"ind":17,"ty":4,"nm":"frame Outlines","sr":1,"ks":{"o":{"a":0,"k":100,"ix":11},"r":{"a":0,"k":0,"ix":10},"p":{"a":0,"k":[308.333,363.334,0],"ix":2},"a":{"a":0,"k":[188.5,147.833,0],"ix":1},"s":{"a":0,"k":[100,100,100],"ix":6}},"ao":0,"shapes":[{"ty":"gr","it":[{"ind":0,"ty":"sh","ix":1,"ks":{"a":0,"k":{"i":[[0,0],[0,0],[-5.777,-6.889],[-2.663,-5.567],[-40,-20]],"o":[[0,0],[5.777,6.889],[-5.124,5.428],[7.333,15.334],[0,0]],"v":[[-53.333,-105.334],[-34,-105.334],[-16.667,-84.666],[-28,-68.001],[53.333,105.334]],"c":false},"ix":2},"nm":"Path 1","mn":"ADBE Vector Shape - Group","hd":false},{"ty":"st","c":{"a":0,"k":[0.97743584128,0.085740893495,0.067517718147,1],"ix":3},"o":{"a":0,"k":100,"ix":4},"w":{"a":0,"k":17,"ix":5},"lc":2,"lj":2,"nm":"Stroke 1","mn":"ADBE Vector Graphic - Stroke","hd":false},{"ty":"tr","p":{"a":0,"k":[281.166,147.834],"ix":2},"a":{"a":0,"k":[0,0],"ix":1},"s":{"a":0,"k":[100,100],"ix":3},"r":{"a":0,"k":0,"ix":6},"o":{"a":0,"k":100,"ix":7},"sk":{"a":0,"k":0,"ix":4},"sa":{"a":0,"k":0,"ix":5},"nm":"Transform"}],"nm":"Group 1","np":2,"cix":2,"ix":1,"mn":"ADBE Vector Group","hd":false},{"ty":"gr","it":[{"ind":0,"ty":"sh","ix":1,"ks":{"a":0,"k":{"i":[[0,0],[0,0]],"o":[[0,0],[0,0]],"v":[[47.771,-63.309],[-47.771,63.309]],"c":false},"ix":2},"nm":"Path 1","mn":"ADBE Vector Shape - Group","hd":false},{"ty":"st","c":{"a":0,"k":[0.97743584128,0.085740893495,0.067517718147,1],"ix":3},"o":{"a":0,"k":100,"ix":4},"w":{"a":0,"k":17,"ix":5},"lc":2,"lj":2,"nm":"Stroke 1","mn":"ADBE Vector Graphic - Stroke","hd":false},{"ty":"tr","p":{"a":0,"k":[56.271,186.858],"ix":2},"a":{"a":0,"k":[0,0],"ix":1},"s":{"a":0,"k":[100,100],"ix":3},"r":{"a":0,"k":0,"ix":6},"o":{"a":0,"k":100,"ix":7},"sk":{"a":0,"k":0,"ix":4},"sa":{"a":0,"k":0,"ix":5},"nm":"Transform"}],"nm":"Group 2","np":2,"cix":2,"ix":2,"mn":"ADBE Vector Group","hd":false},{"ty":"gr","it":[{"ind":0,"ty":"sh","ix":1,"ks":{"a":0,"k":{"i":[[0,0],[0,0]],"o":[[0,0],[0,0]],"v":[[-72,-7.833],[72,7.833]],"c":false},"ix":2},"nm":"Path 1","mn":"ADBE Vector Shape - Group","hd":false},{"ty":"st","c":{"a":0,"k":[0.97743584128,0.085740893495,0.067517718147,1],"ix":3},"o":{"a":0,"k":100,"ix":4},"w":{"a":0,"k":17,"ix":5},"lc":2,"lj":2,"nm":"Stroke 1","mn":"ADBE Vector Graphic - Stroke","hd":false},{"ty":"tr","p":{"a":0,"k":[80.5,258],"ix":2},"a":{"a":0,"k":[0,0],"ix":1},"s":{"a":0,"k":[100,100],"ix":3},"r":{"a":0,"k":0,"ix":6},"o":{"a":0,"k":100,"ix":7},"sk":{"a":0,"k":0,"ix":4},"sa":{"a":0,"k":0,"ix":5},"nm":"Transform"}],"nm":"Group 3","np":2,"cix":2,"ix":3,"mn":"ADBE Vector Group","hd":false},{"ty":"gr","it":[{"ind":0,"ty":"sh","ix":1,"ks":{"a":0,"k":{"i":[[0,0],[0,0]],"o":[[0,0],[0,0]],"v":[[60.334,-61],[-60.334,61]],"c":false},"ix":2},"nm":"Path 1","mn":"ADBE Vector Shape - Group","hd":false},{"ty":"st","c":{"a":0,"k":[0.97743584128,0.085740893495,0.067517718147,1],"ix":3},"o":{"a":0,"k":100,"ix":4},"w":{"a":0,"k":17,"ix":5},"lc":2,"lj":2,"nm":"Stroke 1","mn":"ADBE Vector Graphic - Stroke","hd":false},{"ty":"tr","p":{"a":0,"k":[212.833,204.833],"ix":2},"a":{"a":0,"k":[0,0],"ix":1},"s":{"a":0,"k":[100,100],"ix":3},"r":{"a":0,"k":0,"ix":6},"o":{"a":0,"k":100,"ix":7},"sk":{"a":0,"k":0,"ix":4},"sa":{"a":0,"k":0,"ix":5},"nm":"Transform"}],"nm":"Group 4","np":2,"cix":2,"ix":4,"mn":"ADBE Vector Group","hd":false},{"ty":"gr","it":[{"ind":0,"ty":"sh","ix":1,"ks":{"a":0,"k":{"i":[[0,0],[0,0]],"o":[[0,0],[0,0]],"v":[[-80.896,0.191],[80.896,-0.191]],"c":false},"ix":2},"nm":"Path 1","mn":"ADBE Vector Shape - Group","hd":false},{"ty":"st","c":{"a":0,"k":[0.97743584128,0.085740893495,0.067517718147,1],"ix":3},"o":{"a":0,"k":100,"ix":4},"w":{"a":0,"k":17,"ix":5},"lc":2,"lj":2,"nm":"Stroke 1","mn":"ADBE Vector Graphic - Stroke","hd":false},{"ty":"tr","p":{"a":0,"k":[184.937,123.358],"ix":2},"a":{"a":0,"k":[0,0],"ix":1},"s":{"a":0,"k":[100,100],"ix":3},"r":{"a":0,"k":0,"ix":6},"o":{"a":0,"k":100,"ix":7},"sk":{"a":0,"k":0,"ix":4},"sa":{"a":0,"k":0,"ix":5},"nm":"Transform"}],"nm":"Group 5","np":2,"cix":2,"ix":5,"mn":"ADBE Vector Group","hd":false},{"ty":"gr","it":[{"ind":0,"ty":"sh","ix":1,"ks":{"a":0,"k":{"i":[[0,0],[0,0]],"o":[[0,0],[0,0]],"v":[[-31.333,-92],[31.333,92]],"c":false},"ix":2},"nm":"Path 1","mn":"ADBE Vector Shape - Group","hd":false},{"ty":"st","c":{"a":0,"k":[0.97743584128,0.085740893495,0.067517718147,1],"ix":3},"o":{"a":0,"k":100,"ix":4},"w":{"a":0,"k":17,"ix":5},"lc":2,"lj":2,"nm":"Stroke 1","mn":"ADBE Vector Graphic - Stroke","hd":false},{"ty":"tr","p":{"a":0,"k":[121.167,173.833],"ix":2},"a":{"a":0,"k":[0,0],"ix":1},"s":{"a":0,"k":[100,100],"ix":3},"r":{"a":0,"k":0,"ix":6},"o":{"a":0,"k":100,"ix":7},"sk":{"a":0,"k":0,"ix":4},"sa":{"a":0,"k":0,"ix":5},"nm":"Transform"}],"nm":"Group 6","np":2,"cix":2,"ix":6,"mn":"ADBE Vector Group","hd":false}],"ip":0,"op":120,"st":0,"bm":0},{"ddd":0,"ind":18,"ty":4,"nm":"spin back Outlines","sr":1,"ks":{"o":{"a":0,"k":50,"ix":11},"r":{"a":1,"k":[{"i":{"x":[0.833],"y":[0.833]},"o":{"x":[0.167],"y":[0.167]},"n":["0p833_0p833_0p167_0p167"],"t":0,"s":[0],"e":[720]},{"t":119}],"ix":10},"p":{"a":0,"k":[129.679,465.321,0],"ix":2},"a":{"a":0,"k":[95.397,30.396,0],"ix":1},"s":{"a":0,"k":[100,100,100],"ix":6}},"ao":0,"shapes":[{"ty":"gr","it":[{"ind":0,"ty":"sh","ix":1,"ks":{"a":0,"k":{"i":[[0,0],[0,34.964]],"o":[[-34.964,0],[0,0]],"v":[[31.655,31.654],[-31.655,-31.654]],"c":false},"ix":2},"nm":"Path 1","mn":"ADBE Vector Shape - Group","hd":false},{"ty":"st","c":{"a":0,"k":[0,0,0,1],"ix":3},"o":{"a":0,"k":100,"ix":4},"w":{"a":0,"k":7,"ix":5},"lc":2,"lj":2,"nm":"Stroke 1","mn":"ADBE Vector Graphic - Stroke","hd":false},{"ty":"tr","p":{"a":0,"k":[62.397,62.397],"ix":2},"a":{"a":0,"k":[0,0],"ix":1},"s":{"a":0,"k":[100,100],"ix":3},"r":{"a":0,"k":0,"ix":6},"o":{"a":0,"k":100,"ix":7},"sk":{"a":0,"k":0,"ix":4},"sa":{"a":0,"k":0,"ix":5},"nm":"Transform"}],"nm":"Group 1","np":2,"cix":2,"ix":1,"mn":"ADBE Vector Group","hd":false}],"ip":0,"op":120,"st":0,"bm":0},{"ddd":0,"ind":19,"ty":4,"nm":"tire back Outlines","sr":1,"ks":{"o":{"a":0,"k":100,"ix":11},"r":{"a":0,"k":0,"ix":10},"p":{"a":0,"k":[128.333,465.667,0],"ix":2},"a":{"a":0,"k":[137.667,137.667,0],"ix":1},"s":{"a":0,"k":[100,100,100],"ix":6}},"ao":0,"shapes":[{"ty":"gr","it":[{"ind":0,"ty":"sh","ix":1,"ks":{"a":0,"k":{"i":[[0,12.519],[-12.519,0],[0,-12.519],[12.518,0]],"o":[[0,-12.519],[12.518,0],[0,12.519],[-12.519,0]],"v":[[-22.666,0],[0.001,-22.667],[22.666,0],[0.001,22.667]],"c":true},"ix":2},"nm":"Path 1","mn":"ADBE Vector Shape - Group","hd":false},{"ty":"fl","c":{"a":0,"k":[0.300164615407,0.300164615407,0.300164615407,1],"ix":4},"o":{"a":0,"k":100,"ix":5},"r":1,"nm":"Fill 1","mn":"ADBE Vector Graphic - Fill","hd":false},{"ty":"tr","p":{"a":0,"k":[137.666,137.667],"ix":2},"a":{"a":0,"k":[0,0],"ix":1},"s":{"a":0,"k":[100,100],"ix":3},"r":{"a":0,"k":0,"ix":6},"o":{"a":0,"k":100,"ix":7},"sk":{"a":0,"k":0,"ix":4},"sa":{"a":0,"k":0,"ix":5},"nm":"Transform"}],"nm":"Group 1","np":2,"cix":2,"ix":1,"mn":"ADBE Vector Group","hd":false},{"ty":"gr","it":[{"ind":0,"ty":"sh","ix":1,"ks":{"a":0,"k":{"i":[[0,51.178],[-51.179,0],[0,-51.179],[51.178,0]],"o":[[0,-51.179],[51.178,0],[0,51.178],[-51.179,0]],"v":[[-92.666,0],[0.001,-92.667],[92.666,0],[0.001,92.667]],"c":true},"ix":2},"nm":"Path 1","mn":"ADBE Vector Shape - Group","hd":false},{"ty":"st","c":{"a":0,"k":[0,0,0,1],"ix":3},"o":{"a":0,"k":100,"ix":4},"w":{"a":0,"k":18,"ix":5},"lc":1,"lj":1,"ml":10,"nm":"Stroke 1","mn":"ADBE Vector Graphic - Stroke","hd":false},{"ty":"tr","p":{"a":0,"k":[137.666,137.667],"ix":2},"a":{"a":0,"k":[0,0],"ix":1},"s":{"a":0,"k":[100,100],"ix":3},"r":{"a":0,"k":0,"ix":6},"o":{"a":0,"k":100,"ix":7},"sk":{"a":0,"k":0,"ix":4},"sa":{"a":0,"k":0,"ix":5},"nm":"Transform"}],"nm":"Group 2","np":2,"cix":2,"ix":2,"mn":"ADBE Vector Group","hd":false}],"ip":0,"op":120,"st":0,"bm":0},{"ddd":0,"ind":20,"ty":4,"nm":"back shoe Outlines","parent":21,"sr":1,"ks":{"o":{"a":0,"k":100,"ix":11},"r":{"a":0,"k":-44.62,"ix":10,"x":"var $bm_rt;\nvar C = thisComp.layer('C_back shoe Outlines');\nvar goal = C.effect('Goal back shoe Outlines')(1);\nvar result = sum(value, C.rotation);\nif (goal == 1) {\n    var layer = thisLayer;\n    while (layer.hasParent) {\n        layer = layer.parent;\n        result = sub(result, layer.rotation);\n    }\n}\n$bm_rt = result;"},"p":{"a":0,"k":[21.777,66.845,0],"ix":2,"x":"var $bm_rt;\n$bm_rt = thisComp.layer('IK_zero ack knee to leg Outlines').position;"},"a":{"a":0,"k":[28.865,19.386,0],"ix":1},"s":{"a":0,"k":[100,100,100],"ix":6}},"ao":0,"shapes":[{"ty":"gr","it":[{"ind":0,"ty":"sh","ix":1,"ks":{"a":0,"k":{"i":[[0,0],[0,0]],"o":[[0,0],[0,0]],"v":[[-14.678,-14.678],[14.678,14.678]],"c":false},"ix":2},"nm":"Path 1","mn":"ADBE Vector Shape - Group","hd":false},{"ty":"st","c":{"a":0,"k":[0.108188128004,0.074414458929,0.078551490634,1],"ix":3},"o":{"a":0,"k":100,"ix":4},"w":{"a":0,"k":11,"ix":5},"lc":1,"lj":1,"ml":10,"nm":"Stroke 1","mn":"ADBE Vector Graphic - Stroke","hd":false},{"ty":"fl","c":{"a":0,"k":[0.133309876685,0.436024415259,0.733333333333,1],"ix":4},"o":{"a":0,"k":100,"ix":5},"r":1,"nm":"Fill 1","mn":"ADBE Vector Graphic - Fill","hd":false},{"ty":"tr","p":{"a":0,"k":[31.894,52.594],"ix":2},"a":{"a":0,"k":[0,0],"ix":1},"s":{"a":0,"k":[100,100],"ix":3},"r":{"a":0,"k":0,"ix":6},"o":{"a":0,"k":100,"ix":7},"sk":{"a":0,"k":0,"ix":4},"sa":{"a":0,"k":0,"ix":5},"nm":"Transform"}],"nm":"Group 1","np":3,"cix":2,"ix":1,"mn":"ADBE Vector Group","hd":false},{"ty":"gr","it":[{"ind":0,"ty":"sh","ix":1,"ks":{"a":0,"k":{"i":[[0,0],[0,0],[0,0],[0,0]],"o":[[0,0],[0,0],[0,0],[0,0]],"v":[[-26.099,-30.492],[-30.444,-26.148],[26.198,30.492],[30.444,26.051]],"c":true},"ix":2},"nm":"Path 1","mn":"ADBE Vector Shape - Group","hd":false},{"ty":"fl","c":{"a":0,"k":[0.133309876685,0.436024415259,0.733333333333,1],"ix":4},"o":{"a":0,"k":100,"ix":5},"r":1,"nm":"Fill 1","mn":"ADBE Vector Graphic - Fill","hd":false},{"ty":"tr","p":{"a":0,"k":[30.693,39.134],"ix":2},"a":{"a":0,"k":[0,0],"ix":1},"s":{"a":0,"k":[100,100],"ix":3},"r":{"a":0,"k":0,"ix":6},"o":{"a":0,"k":100,"ix":7},"sk":{"a":0,"k":0,"ix":4},"sa":{"a":0,"k":0,"ix":5},"nm":"Transform"}],"nm":"Group 2","np":2,"cix":2,"ix":2,"mn":"ADBE Vector Group","hd":false},{"ty":"gr","it":[{"ind":0,"ty":"sh","ix":1,"ks":{"a":0,"k":{"i":[[0,0],[7.281,-8.358],[0,0],[11.294,18.244],[-5.792,5.792]],"o":[[0,0],[0,0],[0,0],[0,0],[0,0]],"v":[[-4.127,-32.467],[-30.443,-24.075],[26.1,32.467],[19.149,12.196],[11.459,-11.711]],"c":true},"ix":2},"nm":"Path 1","mn":"ADBE Vector Shape - Group","hd":false},{"ty":"fl","c":{"a":0,"k":[0.133309876685,0.436024415259,0.733333333333,1],"ix":4},"o":{"a":0,"k":100,"ix":5},"r":1,"nm":"Fill 1","mn":"ADBE Vector Graphic - Fill","hd":false},{"ty":"tr","p":{"a":0,"k":[35.037,32.718],"ix":2},"a":{"a":0,"k":[0,0],"ix":1},"s":{"a":0,"k":[100,100],"ix":3},"r":{"a":0,"k":0,"ix":6},"o":{"a":0,"k":100,"ix":7},"sk":{"a":0,"k":0,"ix":4},"sa":{"a":0,"k":0,"ix":5},"nm":"Transform"}],"nm":"Group 3","np":2,"cix":2,"ix":3,"mn":"ADBE Vector Group","hd":false}],"ip":0,"op":120,"st":0,"bm":0},{"ddd":0,"ind":21,"ty":4,"nm":"back knee to leg Outlines","parent":22,"sr":1,"ks":{"o":{"a":0,"k":100,"ix":11},"r":{"a":0,"k":0,"ix":10,"x":"var $bm_rt;\nvar layer1, layer2, controller, zeroName, zero, ctrlEffect, FK, IKFK, cw;\nlayer1 = thisComp.layer('back thigh to knee Outlines');\nlayer2 = thisComp.layer('back knee to leg Outlines');\ncontroller = thisComp.layer('C_back shoe Outlines');\nzeroName = 'IK_zero ack knee to leg Outlines';\nzero = thisComp.layer(zeroName);\nctrlEffect = controller.effect('IK back knee to leg Outlines');\nFK = ctrlEffect(5);\nIKFK = ctrlEffect(3) == 0;\ncw = ctrlEffect(1) == 1;\nfunction getWorldPos(L) {\n    return L.toWorld(L.anchorPoint);\n}\nfunction ik() {\n    var A, B, C, E, a, b, c, x, alpha, y, gamma, result, V1, adj1, V2, adj2, IK;\n    A = getWorldPos(layer1);\n    B = getWorldPos(layer2);\n    C = getWorldPos(zero);\n    E = getWorldPos(controller);\n    a = length(B, C);\n    b = length(E, A);\n    c = length(A, B);\n    x = div(sub(sum(mul(b, b), mul(c, c)), mul(a, a)), mul(2, b));\n    alpha = Math.acos(clamp(div(x, c), -1, 1));\n    y = sub(b, x);\n    gamma = Math.acos(clamp(div(y, a), -1, 1));\n    result = mul(cw ? 1 : -1, radiansToDegrees(sum(gamma, alpha)));\n    V1 = sub(B, A);\n    adj1 = radiansToDegrees(Math.atan2(V1[1], V1[0]));\n    V2 = sub(C, B);\n    adj2 = radiansToDegrees(Math.atan2(V2[1], V2[0]));\n    IK = sum(sub(sum(result, adj1), adj2), value);\n    return IK;\n}\n$bm_rt = IKFK ? ik() : FK;"},"p":{"a":0,"k":[12.945,192.586,0],"ix":2,"x":"var $bm_rt;\nvar layer1, controller, ctrlEffect, stretch, auto, IK, shrinkVal, dist1, dist2, IKLength, IKStretched, boneStretch, proportion, posC, posR, distC, shrinkMax, shrink, shrink, boneStretch, boneStretch, boneStretch, coef;\nlayer1 = thisComp.layer('back thigh to knee Outlines');\ncontroller = thisComp.layer('C_back shoe Outlines');\nctrlEffect = controller.effect('IK back knee to leg Outlines');\nstretch = ctrlEffect(9);\nauto = ctrlEffect(8) == 1;\nIK = ctrlEffect(3) == 0;\nshrinkVal = div(ctrlEffect(10), 100);\nfunction getWorldPos(L) {\n    return L.toWorld(L.anchorPoint);\n}\ndist1 = length([\n    38.2835006713867,\n    41.5455017089844,\n    0\n], [\n    10.2822036743164,\n    183.797592163086,\n    0\n]);\ndist2 = length([\n    120.333000183105,\n    16.0930023193359,\n    0\n], [\n    21.7774429321289,\n    66.8448028564453,\n    0\n]);\nIKLength = sum(dist1, dist2);\nIKStretched = sum(IKLength, stretch);\nboneStretch = 0;\nproportion = div(dist1, IKLength);\nposC = getWorldPos(controller);\nposR = getWorldPos(layer1);\ndistC = length(posC, posR);\nshrinkMax = mul(IKLength, shrinkVal);\nshrink = 0;\nif (distC < IKStretched && IK)\n    shrink = sub(1, div(distC, IKStretched));\nboneStretch -= mul(easeOut(shrink, 0, shrinkMax), proportion);\nif (distC > IKStretched && auto && IK)\n    boneStretch += mul(sub(distC, IKLength), proportion);\nelse\n    boneStretch += mul(stretch, proportion);\ncoef = 1;\ndist1 != 0 ? coef = div(sum(dist1, boneStretch), dist1) : coef = 1;\n$bm_rt = sum(mul(sub([\n    10.2822036743164,\n    183.797592163086,\n    0\n], [\n    38.2835006713867,\n    41.5455017089844,\n    0\n]), coef), [\n    38.2835006713867,\n    41.5455017089844,\n    0\n]);"},"a":{"a":0,"k":[127.343,18.214,0],"ix":1},"s":{"a":0,"k":[100,100,100],"ix":6}},"ao":0,"shapes":[{"ty":"gr","it":[{"ind":0,"ty":"sh","ix":1,"ks":{"a":0,"k":{"i":[[0,0],[0,0],[0,0],[0,0]],"o":[[0,0],[0,0],[0,0],[0,0]],"v":[[17.999,-20.703],[-29.235,1.61],[-10.143,20.703],[29.235,2.116]],"c":true},"ix":2},"nm":"Path 1","mn":"ADBE Vector Shape - Group","hd":false},{"ty":"fl","c":{"a":0,"k":[0.133309876685,0.436024415259,0.733333333333,1],"ix":4},"o":{"a":0,"k":100,"ix":5},"r":1,"nm":"Fill 1","mn":"ADBE Vector Graphic - Fill","hd":false},{"ty":"tr","p":{"a":0,"k":[29.485,57.233],"ix":2},"a":{"a":0,"k":[0,0],"ix":1},"s":{"a":0,"k":[100,100],"ix":3},"r":{"a":0,"k":0,"ix":6},"o":{"a":0,"k":100,"ix":7},"sk":{"a":0,"k":0,"ix":4},"sa":{"a":0,"k":0,"ix":5},"nm":"Transform"}],"nm":"Group 1","np":2,"cix":2,"ix":1,"mn":"ADBE Vector Group","hd":false},{"ty":"gr","it":[{"ind":0,"ty":"sh","ix":1,"ks":{"a":0,"k":{"i":[[0,0],[-25.606,0.122],[0,0],[0,0],[16.216,1.159],[11.526,-1.215]],"o":[[0,0],[0,0],[0,0],[0,0],[0,0],[0,0]],"v":[[-45.466,6.73],[15.611,-27.057],[34.617,-29.549],[45.466,-6.59],[21.72,5.572],[-34.23,29.549]],"c":true},"ix":2},"nm":"Path 1","mn":"ADBE Vector Shape - Group","hd":false},{"ty":"fl","c":{"a":0,"k":[0.133309876685,0.436024415259,0.733333333333,1],"ix":4},"o":{"a":0,"k":100,"ix":5},"r":1,"nm":"Fill 1","mn":"ADBE Vector Graphic - Fill","hd":false},{"ty":"tr","p":{"a":0,"k":[92.95,29.8],"ix":2},"a":{"a":0,"k":[0,0],"ix":1},"s":{"a":0,"k":[100,100],"ix":3},"r":{"a":0,"k":0,"ix":6},"o":{"a":0,"k":100,"ix":7},"sk":{"a":0,"k":0,"ix":4},"sa":{"a":0,"k":0,"ix":5},"nm":"Transform"}],"nm":"Group 2","np":2,"cix":2,"ix":2,"mn":"ADBE Vector Group","hd":false}],"ip":0,"op":120,"st":0,"bm":0},{"ddd":0,"ind":22,"ty":4,"nm":"back thigh to knee Outlines","parent":10,"sr":1,"ks":{"o":{"a":0,"k":100,"ix":11},"r":{"a":0,"k":0,"ix":10,"x":"var $bm_rt;\nvar layer1, layer2, controller, zeroName, zero, ctrlEffect, limit, FK, IKFK, cw;\nlayer1 = thisComp.layer('back thigh to knee Outlines');\nlayer2 = thisComp.layer('back knee to leg Outlines');\ncontroller = thisComp.layer('C_back shoe Outlines');\nzeroName = 'IK_zero ack knee to leg Outlines';\nzero = thisComp.layer(zeroName);\nctrlEffect = controller.effect('IK back knee to leg Outlines');\nlimit = effect('IK Limit')(1);\nFK = ctrlEffect(4);\nIKFK = ctrlEffect(3) == 0;\ncw = ctrlEffect(1) == 1;\nfunction getWorldPos(L) {\n    return L.toWorld(L.anchorPoint);\n}\nfunction ik() {\n    var A, B, C, E, a, b, c, x, alpha, D, delta, result, V, adj1, IK, IK;\n    A = getWorldPos(layer1);\n    B = getWorldPos(layer2);\n    C = getWorldPos(zero);\n    E = getWorldPos(controller);\n    a = length(B, C);\n    b = length(E, A);\n    c = length(A, B);\n    x = div(sub(sum(mul(b, b), mul(c, c)), mul(a, a)), mul(2, b));\n    alpha = Math.acos(clamp(div(x, c), -1, 1));\n    D = sub(E, A);\n    delta = Math.atan2(D[1], D[0]);\n    result = radiansToDegrees(sub(delta, mul(cw ? 1 : -1, alpha)));\n    V = sub(B, A);\n    adj1 = radiansToDegrees(Math.atan2(V[1], V[0]));\n    IK = sum(sub(result, adj1), value);\n    if (IK < limit)\n        IK += 360;\n    return IK;\n}\n$bm_rt = IKFK ? ik() : FK;"},"p":{"a":0,"k":[32.602,159.947,0],"ix":2},"a":{"a":0,"k":[38.284,41.546,0],"ix":1},"s":{"a":0,"k":[100,100,100],"ix":6}},"ao":0,"ef":[{"ty":5,"nm":"IK Limit","np":3,"mn":"ADBE Angle Control","ix":1,"en":1,"ef":[{"ty":0,"nm":"Angle","mn":"ADBE Angle Control-0001","ix":1,"v":{"a":0,"k":0,"ix":1}}]}],"shapes":[{"ty":"gr","it":[{"ind":0,"ty":"sh","ix":1,"ks":{"a":0,"k":{"i":[[9.27,13.523],[30.999,-8.734],[0,0],[0,0],[0,0],[-9.738,21.054]],"o":[[0,0],[-30.999,8.734],[0,0],[0,0],[0,0],[9.737,-21.053]],"v":[[32.764,-72.826],[-10.305,-94.561],[-34.225,-39.883],[-40.71,57.883],[-42.033,87.82],[-10.305,82.242]],"c":true},"ix":2},"nm":"Path 1","mn":"ADBE Vector Shape - Group","hd":false},{"ty":"fl","c":{"a":0,"k":[0.133309876685,0.436024415259,0.733333333333,1],"ix":4},"o":{"a":0,"k":100,"ix":5},"r":1,"nm":"Fill 1","mn":"ADBE Vector Graphic - Fill","hd":false},{"ty":"tr","p":{"a":0,"k":[42.284,103.546],"ix":2},"a":{"a":0,"k":[0,0],"ix":1},"s":{"a":0,"k":[100,100],"ix":3},"r":{"a":0,"k":0,"ix":6},"o":{"a":0,"k":100,"ix":7},"sk":{"a":0,"k":0,"ix":4},"sa":{"a":0,"k":0,"ix":5},"nm":"Transform"}],"nm":"Group 1","np":2,"cix":2,"ix":1,"mn":"ADBE Vector Group","hd":false}],"ip":0,"op":120,"st":0,"bm":0},{"ddd":0,"ind":23,"ty":4,"nm":"spin front Outlines","sr":1,"ks":{"o":{"a":0,"k":50,"ix":11},"r":{"a":1,"k":[{"i":{"x":[0.833],"y":[0.833]},"o":{"x":[0.167],"y":[0.167]},"n":["0p833_0p833_0p167_0p167"],"t":0,"s":[0],"e":[720]},{"t":119}],"ix":10},"p":{"a":0,"k":[453.623,469.013,0],"ix":2},"a":{"a":0,"k":[28.397,97.397,0],"ix":1},"s":{"a":0,"k":[100,100,100],"ix":6}},"ao":0,"shapes":[{"ty":"gr","it":[{"ind":0,"ty":"sh","ix":1,"ks":{"a":0,"k":{"i":[[0,0],[0,-34.965]],"o":[[34.964,0],[0,0]],"v":[[-31.654,-31.655],[31.654,31.655]],"c":false},"ix":2},"nm":"Path 1","mn":"ADBE Vector Shape - Group","hd":false},{"ty":"st","c":{"a":0,"k":[0,0,0,1],"ix":3},"o":{"a":0,"k":100,"ix":4},"w":{"a":0,"k":7,"ix":5},"lc":2,"lj":2,"nm":"Stroke 1","mn":"ADBE Vector Graphic - Stroke","hd":false},{"ty":"tr","p":{"a":0,"k":[62.397,62.397],"ix":2},"a":{"a":0,"k":[0,0],"ix":1},"s":{"a":0,"k":[100,100],"ix":3},"r":{"a":0,"k":0,"ix":6},"o":{"a":0,"k":100,"ix":7},"sk":{"a":0,"k":0,"ix":4},"sa":{"a":0,"k":0,"ix":5},"nm":"Transform"}],"nm":"Group 1","np":2,"cix":2,"ix":1,"mn":"ADBE Vector Group","hd":false}],"ip":0,"op":120,"st":0,"bm":0},{"ddd":0,"ind":24,"ty":4,"nm":"tire front Outlines","sr":1,"ks":{"o":{"a":0,"k":100,"ix":11},"r":{"a":0,"k":0,"ix":10},"p":{"a":0,"k":[454,465.667,0],"ix":2},"a":{"a":0,"k":[137.667,137.667,0],"ix":1},"s":{"a":0,"k":[100,100,100],"ix":6}},"ao":0,"shapes":[{"ty":"gr","it":[{"ind":0,"ty":"sh","ix":1,"ks":{"a":0,"k":{"i":[[0,12.209],[-12.209,0],[0,-12.21],[12.21,0]],"o":[[0,-12.21],[12.21,0],[0,12.209],[-12.209,0]],"v":[[-22.107,0],[-0.001,-22.107],[22.107,0],[-0.001,22.107]],"c":true},"ix":2},"nm":"Path 1","mn":"ADBE Vector Shape - Group","hd":false},{"ty":"fl","c":{"a":0,"k":[0.300164615407,0.300164615407,0.300164615407,1],"ix":4},"o":{"a":0,"k":100,"ix":5},"r":1,"nm":"Fill 1","mn":"ADBE Vector Graphic - Fill","hd":false},{"ty":"tr","p":{"a":0,"k":[138.001,140.667],"ix":2},"a":{"a":0,"k":[0,0],"ix":1},"s":{"a":0,"k":[100,100],"ix":3},"r":{"a":0,"k":0,"ix":6},"o":{"a":0,"k":100,"ix":7},"sk":{"a":0,"k":0,"ix":4},"sa":{"a":0,"k":0,"ix":5},"nm":"Transform"}],"nm":"Group 1","np":2,"cix":2,"ix":1,"mn":"ADBE Vector Group","hd":false},{"ty":"gr","it":[{"ind":0,"ty":"sh","ix":1,"ks":{"a":0,"k":{"i":[[0,51.178],[-51.179,0],[0,-51.179],[51.179,0]],"o":[[0,-51.179],[51.179,0],[0,51.178],[-51.179,0]],"v":[[-92.667,0],[0,-92.667],[92.667,0],[0,92.667]],"c":true},"ix":2},"nm":"Path 1","mn":"ADBE Vector Shape - Group","hd":false},{"ty":"st","c":{"a":0,"k":[0,0,0,1],"ix":3},"o":{"a":0,"k":100,"ix":4},"w":{"a":0,"k":18,"ix":5},"lc":2,"lj":2,"nm":"Stroke 1","mn":"ADBE Vector Graphic - Stroke","hd":false},{"ty":"tr","p":{"a":0,"k":[137.667,137.667],"ix":2},"a":{"a":0,"k":[0,0],"ix":1},"s":{"a":0,"k":[100,100],"ix":3},"r":{"a":0,"k":0,"ix":6},"o":{"a":0,"k":100,"ix":7},"sk":{"a":0,"k":0,"ix":4},"sa":{"a":0,"k":0,"ix":5},"nm":"Transform"}],"nm":"Group 2","np":2,"cix":2,"ix":2,"mn":"ADBE Vector Group","hd":false}],"ip":0,"op":120,"st":0,"bm":0},{"ddd":1,"ind":25,"ty":3,"nm":"IK_zero ont knee to leg Outlines","parent":12,"hd":true,"sr":1,"ks":{"o":{"a":0,"k":0,"ix":11},"rx":{"a":0,"k":0,"ix":8},"ry":{"a":0,"k":0,"ix":9},"rz":{"a":0,"k":0,"ix":10},"or":{"a":0,"k":[0,0,0],"ix":7},"p":{"a":0,"k":[21.789,118.951,0],"ix":2,"x":"var $bm_rt;\nvar layer1, controller, ctrlEffect, stretch, auto, IK, shrinkVal, dist1, dist2, IKLength, IKStretched, boneStretch, proportion, posC, posR, distC, shrinkMax, shrink, shrink, boneStretch, boneStretch, boneStretch, coef;\nlayer1 = thisComp.layer('front thigh to knee Outlines');\ncontroller = thisComp.layer('C_front shoe Outlines');\nctrlEffect = controller.effect('IK front knee to leg Outlines');\nstretch = ctrlEffect(9);\nauto = ctrlEffect(8) == 1;\nIK = ctrlEffect(3) == 0;\nshrinkVal = div(ctrlEffect(10), 100);\nfunction getWorldPos(L) {\n    return L.toWorld(L.anchorPoint);\n}\ndist1 = length([\n    41.6315002441406,\n    45.9964981079102,\n    0\n], [\n    126.879287719727,\n    166.710487365723,\n    0\n]);\ndist2 = length([\n    57.547492980957,\n    15.9799957275391,\n    0\n], [\n    21.7892990112305,\n    118.951431274414,\n    0\n]);\nIKLength = sum(dist1, dist2);\nIKStretched = sum(IKLength, stretch);\nboneStretch = 0;\nproportion = div(dist2, IKLength);\nposC = getWorldPos(controller);\nposR = getWorldPos(layer1);\ndistC = length(posC, posR);\nshrinkMax = mul(IKLength, shrinkVal);\nshrink = 0;\nif (distC < IKStretched && IK)\n    shrink = sub(1, div(distC, IKStretched));\nboneStretch -= mul(easeOut(shrink, 0, shrinkMax), proportion);\nif (distC > IKStretched && auto && IK)\n    boneStretch += mul(sub(distC, IKLength), proportion);\nelse\n    boneStretch += mul(stretch, proportion);\ncoef = 1;\ndist2 != 0 ? coef = div(sum(dist2, boneStretch), dist2) : coef = 1;\n$bm_rt = sum(mul(sub([\n    21.7892990112305,\n    118.951431274414,\n    0\n], [\n    57.547492980957,\n    15.9799957275391,\n    0\n]), coef), [\n    57.547492980957,\n    15.9799957275391,\n    0\n]);"},"a":{"a":0,"k":[0,0,0],"ix":1},"s":{"a":0,"k":[100,100,100],"ix":6}},"ao":0,"ip":0,"op":120,"st":0,"bm":0},{"ddd":1,"ind":26,"ty":3,"nm":"IK_zero ack knee to leg Outlines","parent":21,"hd":true,"sr":1,"ks":{"o":{"a":0,"k":0,"ix":11},"rx":{"a":0,"k":0,"ix":8},"ry":{"a":0,"k":0,"ix":9},"rz":{"a":0,"k":0,"ix":10},"or":{"a":0,"k":[0,0,0],"ix":7},"p":{"a":0,"k":[21.777,66.845,0],"ix":2,"x":"var $bm_rt;\nvar layer1, controller, ctrlEffect, stretch, auto, IK, shrinkVal, dist1, dist2, IKLength, IKStretched, boneStretch, proportion, posC, posR, distC, shrinkMax, shrink, shrink, boneStretch, boneStretch, boneStretch, coef;\nlayer1 = thisComp.layer('back thigh to knee Outlines');\ncontroller = thisComp.layer('C_back shoe Outlines');\nctrlEffect = controller.effect('IK back knee to leg Outlines');\nstretch = ctrlEffect(9);\nauto = ctrlEffect(8) == 1;\nIK = ctrlEffect(3) == 0;\nshrinkVal = div(ctrlEffect(10), 100);\nfunction getWorldPos(L) {\n    return L.toWorld(L.anchorPoint);\n}\ndist1 = length([\n    38.2835006713867,\n    41.5455017089844,\n    0\n], [\n    10.2822036743164,\n    183.797592163086,\n    0\n]);\ndist2 = length([\n    120.333000183105,\n    16.0930023193359,\n    0\n], [\n    21.7774429321289,\n    66.8448028564453,\n    0\n]);\nIKLength = sum(dist1, dist2);\nIKStretched = sum(IKLength, stretch);\nboneStretch = 0;\nproportion = div(dist2, IKLength);\nposC = getWorldPos(controller);\nposR = getWorldPos(layer1);\ndistC = length(posC, posR);\nshrinkMax = mul(IKLength, shrinkVal);\nshrink = 0;\nif (distC < IKStretched && IK)\n    shrink = sub(1, div(distC, IKStretched));\nboneStretch -= mul(easeOut(shrink, 0, shrinkMax), proportion);\nif (distC > IKStretched && auto && IK)\n    boneStretch += mul(sub(distC, IKLength), proportion);\nelse\n    boneStretch += mul(stretch, proportion);\ncoef = 1;\ndist2 != 0 ? coef = div(sum(dist2, boneStretch), dist2) : coef = 1;\n$bm_rt = sum(mul(sub([\n    21.7774429321289,\n    66.8448028564453,\n    0\n], [\n    120.333000183105,\n    16.0930023193359,\n    0\n]), coef), [\n    120.333000183105,\n    16.0930023193359,\n    0\n]);"},"a":{"a":0,"k":[0,0,0],"ix":1},"s":{"a":0,"k":[100,100,100],"ix":6}},"ao":0,"ip":0,"op":120,"st":0,"bm":0},{"ddd":1,"ind":27,"ty":3,"nm":"IK_zero t elbow to hand Outlines","parent":6,"hd":true,"sr":1,"ks":{"o":{"a":0,"k":0,"ix":11},"rx":{"a":0,"k":0,"ix":8},"ry":{"a":0,"k":0,"ix":9},"rz":{"a":0,"k":0,"ix":10},"or":{"a":0,"k":[0,0,0],"ix":7},"p":{"a":0,"k":[105.035,59.802,0],"ix":2,"x":"var $bm_rt;\nvar layer1, controller, ctrlEffect, stretch, auto, IK, shrinkVal, dist1, dist2, IKLength, IKStretched, boneStretch, proportion, posC, posR, distC, shrinkMax, shrink, shrink, boneStretch, boneStretch, boneStretch, coef;\nlayer1 = thisComp.layer('front shoulder to elbow Outlines');\ncontroller = thisComp.layer('C_front hand Outlines');\nctrlEffect = controller.effect('IK front elbow to hand Outlines');\nstretch = ctrlEffect(9);\nauto = ctrlEffect(8) == 1;\nIK = ctrlEffect(3) == 0;\nshrinkVal = div(ctrlEffect(10), 100);\nfunction getWorldPos(L) {\n    return L.toWorld(L.anchorPoint);\n}\ndist1 = length([\n    86.2565002441406,\n    24.9244918823242,\n    0\n], [\n    28.3465881347656,\n    91.5001907348633,\n    0\n]);\ndist2 = length([\n    24.5914993286133,\n    14.3289947509766,\n    0\n], [\n    105.035179138184,\n    59.8018951416016,\n    0\n]);\nIKLength = sum(dist1, dist2);\nIKStretched = sum(IKLength, stretch);\nboneStretch = 0;\nproportion = div(dist2, IKLength);\nposC = getWorldPos(controller);\nposR = getWorldPos(layer1);\ndistC = length(posC, posR);\nshrinkMax = mul(IKLength, shrinkVal);\nshrink = 0;\nif (distC < IKStretched && IK)\n    shrink = sub(1, div(distC, IKStretched));\nboneStretch -= mul(easeOut(shrink, 0, shrinkMax), proportion);\nif (distC > IKStretched && auto && IK)\n    boneStretch += mul(sub(distC, IKLength), proportion);\nelse\n    boneStretch += mul(stretch, proportion);\ncoef = 1;\ndist2 != 0 ? coef = div(sum(dist2, boneStretch), dist2) : coef = 1;\n$bm_rt = sum(mul(sub([\n    105.035179138184,\n    59.8018951416016,\n    0\n], [\n    24.5914993286133,\n    14.3289947509766,\n    0\n]), coef), [\n    24.5914993286133,\n    14.3289947509766,\n    0\n]);"},"a":{"a":0,"k":[0,0,0],"ix":1},"s":{"a":0,"k":[100,100,100],"ix":6}},"ao":0,"ip":0,"op":120,"st":0,"bm":0}]}